,areaRank,Country,legislature,anthem,capital,currency,largestCity,officialLanguage,name,core#exactMatch,wgs84_pos#lat,wgs84_pos#long,wikiPageID,wikiPageRevisionID,hypernym,sovereigntyType,timeZoneDst,point,timeZone,align,color,date,demonym,direction,establishedDate,footer,governmentType,label,languages,leaderName,leaderTitle,populationDensityKm,reason,thumb,title,totalWidth,utcOffset,utcOffsetDst,value,voy,collapsible,altFlag,areaKm,areaSqMi,callingCode,cctld,conventionalLongName,currencyCode,dateFormat,drivesOn,establishedEvent,gdpNominal,gdpNominalPerCapita,gdpNominalYear,gdpPpp,gdpPppPerCapita,gdpPppYear,gini,giniChange,giniYear,hdi,hdiChange,hdiRank,hdiYear,languages2Type,nationalAnthem,nationalMotto,officialLanguages,patronSaint,percentWater,populationCensus,populationCensusYear,populationDensityRank,populationDensitySqMi,populationEstimate,populationEstimateYear,thumbnail,event,language,leaderFunction,topLevelDomain,sameAs,humanDevelopmentIndex,isPartOf,area,motto,populationDensity,populationTotal,prov#wasDerivedFrom,wikiPageLength,countryCode,percentageOfAreaWater,giniCoefficient,isPrimaryTopicOf,wgs84_pos#geometry,homepage,symbolType,aprHighC,aprLowC,aprMeanC,aprPrecipitationMm,aprRecordHighC,aprRecordLowC,augHighC,augLowC,augMeanC,augPrecipitationMm,augRecordHighC,augRecordLowC,d,decHighC,decLowC,decMeanC,decPrecipitationMm,decRecordHighC,decRecordLowC,febHighC,febLowC,febMeanC,febPrecipitationMm,febRecordHighC,febRecordLowC,janHighC,janLowC,janMeanC,janPrecipitationMm,janRecordHighC,janRecordLowC,julHighC,julLowC,julMeanC,julPrecipitationMm,julRecordHighC,julRecordLowC,junHighC,junLowC,junMeanC,junPrecipitationMm,junRecordHighC,junRecordLowC,location,marHighC,marLowC,marMeanC,marPrecipitationMm,marRecordHighC,marRecordLowC,mayHighC,mayLowC,mayMeanC,mayPrecipitationMm,mayRecordHighC,mayRecordLowC,metricFirst,novHighC,novLowC,novMeanC,novPrecipitationMm,novRecordHighC,novRecordLowC,octHighC,octLowC,octMeanC,octPrecipitationMm,octRecordHighC,octRecordLowC,precipitationColour,religion,sepHighC,sepLowC,sepMeanC,sepPrecipitationMm,sepRecordHighC,sepRecordLowC,singleLine,source,width,yearHighC,yearLowC,yearMeanC,yearPrecipitationMm,yearRecordHighC,yearRecordLowC,ethnicGroups,ethnicGroupsYear,footnoteA,footnoteB,footnoteC,footnoteD,footnoteE,footnoteF,giniRef,populationEstimateRank,populationTotalRanking,author,license,nativeName,publisher,documenturl,gdpNominalPerCapitaRank,gdpNominalRank,pageNumbers,ethnicGroup,originalName,owl#differentFrom,titlebar,statRef,upperHouse,alt,city,class,collapsed,country,float,pop,angle,div,divName,gdpPppPerCapitaRank,img,languagesType,lowerHouse,religionYear,house,core#closeMatch,group,header,mapCaption,url,gdpPppRank,officialWebsite,quoted,sovereigntyNote,quote,englishmotto,left,right,giniRank,languagesSub,areaLabel,wikiPageRedirects,membershipType,symbolWidth,yearSun,aprRainDays,augRainDays,b,decRainDays,febRainDays,footerAlign,janRainDays,julRainDays,junRainDays,mapWidth,marRainDays,mayRainDays,novRainDays,octRainDays,q,sepRainDays,v,aprSun,areaData,augSun,decSun,febSun,frFoot,janSun,julSun,junSun,map2Width,marSun,maySun,novSun,octSun,otherSymbol,otherSymbolType,populationData,populationLabel,regionalLanguages,sepSun,widthUnits,data,dataMax,dataType,labelType,barWidth,alignment,nationalLanguages,symbolTypeArticle,footnotes,dstNote,electricity,wikiPageDisambiguates,needed,mapsize,songType,utcOffsetList,c,establishedTitle,flagSize,isoCode,n,postalCode,postalCodeType,s,sealSize,settlementType,subdivisionName,subdivisionType,elevationMaxM,flagLink,nationalRepresentation,nationalRepresentationType,sealLink,sealType,wikiPageInterLanguageLink,user,flag,adminCenter,adminCenterType,orgType,type,administrativeCenter,structure1Res,politicalGroups,structure1Alt,members,structure,text,populationRank,utcOffset1Dst,waterbody,elevationM,mapImage,population,populationAsOf,rank,timezone,timezone1Dst,localName,coastlineKm,country1AdminDivisions,country1AdminDivisionsTitle,country1LargestCity,country1LargestCityType,countryLargestCity,countryLargestCityType,densityKm,highestMount,areaTotal,elevation,height,m,fix,special,altCoat,altMap,iso3166code,iso31661Code,perrow,small,licence,languages2Sub,commons,status,symbol,wikt,largestSettlement,largestSettlementType,headerAlign,open,divLink,strokeWidth,frame,frameWidth,royalAnthem,aprPrecipitationDays,augPrecipitationDays,decPrecipitationDays,febPrecipitationDays,janPrecipitationDays,julPrecipitationDays,junPrecipitationDays,marPrecipitationDays,mayPrecipitationDays,novPrecipitationDays,octPrecipitationDays,sepPrecipitationDays,unitPrecipitationDays,yearPrecipitationDays,patronSaints,colwidth,toggle,yearHumidity,aprSnowDays,augSnowDays,decSnowDays,febSnowDays,id,janSnowDays,julSnowDays,junSnowDays,marSnowDays,maySnowDays,membership,novSnowDays,octSnowDays,sepSnowDays,unitSnowDays,yearSnowDays,aprHumidity,augHumidity,clear,coaSize,decHumidity,febHumidity,flagType,janHumidity,julHumidity,junHumidity,marHumidity,mayHumidity,novHumidity,octHumidity,sepHumidity,manifestationOfWork,lat,long,centre,position,relief,description,filename,flagBorder,help,pos,scale,x,y,padding,soundRecording,linkingName,areaFootnote,populationCensusRank,abbr,content
0,140,Albania,Parliament_of_Albania,Himni_i_Flamurit,Tirana,Albanian_lek,Tirana,Albanian_language,Republic of Albania,17171-2,41.3167,19.8167,738,1039385891,Country,History_of_Albania,Central_European_Summer_Time,41.31666666666667 19.816666666666666,Central_European_Time,left,LightBlue,17-Nov,Albanian,vertical,February 1272,One road sign in Albanian and a minority language  and one in Albanian and a foreign language for tourists  in Pustec  Road sign in Albanian and a minority language  in Goranxi,Unitary_state,No Denomination,others,Ilir_Meta,Speaker_of_the_Parliament_of_Albania,98,How could a 2011 article talk about 2015? anyway link needs updating,right,Related articles,700,1,2,58.79,Albania,collapsed,Red flag with a black double-headed eagle in the center.,28748,11100,Telephone_numbers_in_Albania,.al,Republic of Albania,ALL,yyyy,right,Proclamation of independence from,1.68E+10,5847,2020,4.26E+10,14866,2020,34.3,decrease,2019,0.795,increase,69,2019,Recognised minority languages,Himni_i_Flamurit,"Ti_Shqipëri,_më_jep_nder,_më_jep_emrin_Shqipëtar",Albanian_language,Our_Lady_of_Good_Counsel,4.7,2821977,2011,63,254,2845955,20-Jan,Flag_of_Albania.svg?width=300,Albania__HistoricalEvent__9,Greek_language,Albania__PersonFunction__3,.al,130228708,0.795,target,28748.86802,"Ti Shqipëri, më jep nder,më jep emrin Shqipëtar",98.06994827,2845955,Albania?oldid=1039385891&ns=0,265365,355,4.7,34.3,Albania,POINT(19.816667556763 41.316665649414),,,,,,,,,,,,,,,,,,,,,,,,,,,,,,,,,,,,,,,,,,,,,,,,,,,,,,,,,,,,,,,,,,,,,,,,,,,,,,,,,,,,,,,,,,,,,,,,,,,,,,,,,,,,,,,,,,,,,,,,,,,,,,,,,,,,,,,,,,,,,,,,,,,,,,,,,,,,,,,,,,,,,,,,,,,,,,,,,,,,,,,,,,,,,,,,,,,,,,,,,,,,,,,,,,,,,,,,,,,,,,,,,,,,,,,,,,,,,,,,,,,,,,,,,,,,,,,,,,,,,,,,,,,,,,,,,,,,,,,,,,,,,,,,,,,,,,,,,,,,,,,,,,,,,,,,,,,,,,,,,,,,,,,,,,,,,,,,,,,,,,,,,,,,,,,,
1,178,Andorra,General_Council_(Andorra),,Andorra_la_Vella,Euro e,capital,Catalan_language,Principality of Andorra,17011-3,42.5,1.51667,600,1040915817,Microstate,Independence,Central_European_Summer_Time,42.5 1.5166666666666666,Central_European_Time,left,,21-Jul,Andorran,,2/2/1993,,Elective_monarchy,,,,Head_of_Government_of_Andorra,179.8,,,,,1,2,,Andorra,,,467.63,180.55,Telephone_numbers_in_Andorra,.adf,Principality of Andorra,EUR,,right,from the French Empire,3.24E+09,42035,2018,,,,27.21,,2003,0.868,increase,36,2019,,"""The Great Charlemagne""",Virtus Unita Fortior,Catalanb,,0.26,,2014,71,465.7,77543,2020,Flag_of_Andorra.svg?width=300,Andorra__HistoricalEvent__3,,Andorra__PersonFunction__4,.ad,123100743,0.868,target,467.63,Virtus Unita Fortior,179.8077752,77543,Andorra?oldid=1040915817&ns=0,131158,376,0.26,27.21,Andorra,POINT(1.5166666507721 42.5),,Coat of arms,13.3,1.7,7.5,71.2,29,−7.0,25.4,11.4,18.5,85.6,35.9,2,Q228,7.5,-1.4,3,67.9,19,−13.0,8.9,-1.8,3.5,37.9,20,−16.0,6.9,-2.5,2.2,53.1,18,−15.0,26.2,11.4,18.8,60.7,39,3,21.9,8.8,15.4,84.2,37.4,0,64500,11.7,-0.2,5.8,40.5,24.8,−11.0,17.6,5.3,11.5,89.8,29.2,−2.0,y,10.7,0.6,5.7,68.4,21.2,−10.5,16,4.7,10.3,72.4,31,−6.0,green,Catholic_Church,21.4,8.5,14.9,80.9,32,0,y,ACDA,150,15.6,3.9,9.8,812.3,39,−19.5,,2017,"Constitution of Andorra. In Spanish and Portuguese: Principado de Andorra, in French: Principauté d'Andorre.","Spanish, Portuguese and French are spoken by a significant minority","Girard P & Gomez P , Lacs des Pyrénées: Andorre.",Informe sobre l'estat de la pobresa i la desigualtat al Principal d'Andorra,"Before 1999, the French franc and Spanish peseta; the coins and notes of both currencies, however, remained legal tender until 2002. Small amounts of Andorran diners  were minted after 1982.","Also .cat, shared with Catalan-speaking territories.",d,203,203,,,,,,,,,,,,,,,,,,,,,,,,,,,,,,,,,,,,,,,,,,,,,,,,,,,,,,,,,,,,,,,,,,,,,,,,,,,,,,,,,,,,,,,,,,,,,,,,,,,,,,,,,,,,,,,,,,,,,,,,,,,,,,,,,,,,,,,,,,,,,,,,,,,,,,,,,,,,,,,,,,,,,,,,,,,,,,,,,,,,,,,,,,,,,,,,,,,,,,,,,,,,,,,,,,,,,,,,,,,,,,,,,,,,,,,,,,,,,,,,,,,,,,,,,,,,,
2,138,Armenia,National_Assembly_(Armenia),Mer_Hayrenik,Yerevan,Dram,capital,Armenian_language,Republic of Armenia,17464-1,40.1833,44.5167,10918072,1041846257,State,History_of_Armenia,,40.18333333333333 44.516666666666666,Armenia_Time,,,,Armenian,,7/5/1995,"Djivan Gasparyan , Sirusho  and Charles Aznavour  are among most popular musicians of Armenia.",Unitary_state,,,Armen_Sarksyan,Prime_Minister_of_Armenia,101.5,,,Articles related to Armenia,,4,,,,,,29743,11484,Telephone_numbers_in_Armenia,,Republic of Armenia,AMD,,right,,1.34E+10,4527,2019,3.29E+10,10995,2019,29.9,decrease,2019,0.776,increase,81,2019,,Mer Hayrenik,,Armenian_language,,4.71,,2011,99,262.9,2963900,Q1 2021,Flag_of_Armenia.svg?width=300,Armenia__HistoricalEvent__9,,Armenia__PersonFunction__3,.հայ,138518304,0.776,target,29743.42346,,101.5062575,2963900,Armenia?oldid=1041846257&ns=0,178180,374,4.71,29.9,Armenia,POINT(44.516666412354 40.183334350586),,,,,,,,,,,,,,,,,,,,,,,,,,,,,,,,,,,,,,,,,,,,,,,,,,,,,,,,,,,,,,,,,,,,,,,,,Christianity,,,,,,,,,198,,,,,,,,2011,,,,,,,,137,137,UNESCO,CC-BY-SA IGO 3.0,Hayastani Hanrapetut’yun,UNESCO Publishing,235406e.pdf,104,127,324,Russians_in_Armenia,Hayastani Hanrapetut’yun,,,,,,,,,,,,,,,,,,,,,,,,,,,,,,,,,,,,,,,,,,,,,,,,,,,,,,,,,,,,,,,,,,,,,,,,,,,,,,,,,,,,,,,,,,,,,,,,,,,,,,,,,,,,,,,,,,,,,,,,,,,,,,,,,,,,,,,,,,,,,,,,,,,,,,,,,,,,,,,,,,,,,,,,,,,,,,,,,,,,,,,,,,,,,,,,,,,,,,,,,,,,,,,,,,,,,,,,,,,,,,,,,,,,,,,,,,,,,,,,,,,
3,113,Austria,Austrian_Parliament,,Vienna,Euro,capital,,Largest cities of Austria,AT,48.2,16.35,26964606,1041039992,Republic,History_of_Austria,Central_European_Summer_Time,47.333333333333336 13.333333333333334,Central_European_Time,,,,Austrian,vertical,since 1945,"The first appearance of the word ""Ostarrîchi"", circled in red and magnified. Modern Austria honours this document, dated 996, as the founding of the nation.",Federal_republic,,Burgenland Croatian,Alexander_Van_der_Bellen,Vice_Chancellor_of_Austria,106,,,Related articles,,1,2,,,,,83879,32385.9,Telephone_numbers_in_Austria,.at,Republic of Austria,EUR,,right,State Treaty in effect,"$446,315 billion",50277,2019,4.61E+11,51936,2018,27,decrease,2020,0.922,increase,18,2019,Recognised languages,,,,,0.84,,,106,262.6,8935112,20-Oct,Flag_of_Austria.svg?width=300,Austria__HistoricalEvent__9,Hungarian_language,Austria__PersonFunction__3,.at,148842731,0.922,target,83879,,106,8935112,Austria?oldid=1041039992&ns=0,159087,43,0.84,27,Austria,POINT(16.35000038147 48.200000762939),DesktopDefault.aspx%3Falias=english&init&init,,7.1,-1.3,2.9,87,,,14.3,7.7,12.2,138,,,,0.1,-6.6,-3.3,72,,,0.3,-7.6,-3.7,66,,,-0.7,-8.2,-4.5,73,,,16.8,8,12.7,148,,,17.4,6,10.6,126,,,"Lech, Vorarlberg  Dfc, bordering on Dfb.",3.5,-4.7,-0.6,80,,,11.8,2.8,7.3,115,,,Yes,3.7,-2.9,0.4,83,,,9.7,1.6,5.6,74,,,green,,15.1,5.6,9.9,96,,,Yes,,,,,,,,,,2012,"There is an official dictionary, the Österreichisches Wörterbuch, published on commission by the Austrian Ministry of Education.","Croatian, Czech, Hungarian, Romani, Slovak, and Slovene are officially recognised by the European Charter for Regional or Minority Languages (ECRML).",0,"The .eu domain is also used, as it is shared with other European Union member states.",,,,97,97,,,,,,15,27,,Yugoslavs,,Australia,#ddd,0,Federal_Council_(Austria),"The first appearance of ""Ostarrîchi""","Wolfsberg, CarinthiaWolfsberg",nav,collapsed,Austria,right,1812605,left,Tyrol Tyrol,State,17,View over Linz.jpg,Official_language,National_Council_(Austria),2018,Federal_Council_(Austria),16950-4,,,,,,,,,,,,,,,,,,,,,,,,,,,,,,,,,,,,,,,,,,,,,,,,,,,,,,,,,,,,,,,,,,,,,,,,,,,,,,,,,,,,,,,,,,,,,,,,,,,,,,,,,,,,,,,,,,,,,,,,,,,,,,,,,,,,,,,,,,,,,,,,,,,,,,,,,,,,,,,,,,,,,,,,,,,,,,,,,,,,,,,,,,,,,,,,,,,,,,,,,,,,,,,,,,,,,,,,,,,,,,
4,112,Azerbaijan,National_Assembly_(Azerbaijan),,File:Coat_of_arms_of_Baku.svg,Azerbaijani_manat,capital,Azerbaijani_language,Republic of Azerbaijan,17491-5,40.3953,49.8822,746,1041285866,Country,History_of_Azerbaijan,,40.39527777777778 49.882222222222225,Azerbaijan_Time,right,,11/14/2016,Azerbaijani,horizontal,,,Unitary_state,,Languages_of_Azerbaijan,Ali_Asadov,Vice_President_of_Azerbaijan,115,,,Articles related to Azerbaijan,,4,,,,,"Three equally sized horizontal bands of blue, red, and green, with a white crescent and an eight-pointed star centered in the red band",86600,33436,Telephone_numbers_in_Azerbaijan,.az,Republic of Azerbaijan,AZN,,right,Independence from Soviet Union,4.53E+10,4498,2019,1.89E+11,18793,2019,33.7,increase,2008,0.756,increase,88,2019,,,,Azerbaijani_language,,1.6,,,99,293,10130100,21-Apr,Flag_of_Azerbaijan.svg?width=300,Azerbaijan__HistoricalEvent__6,Languages_of_Azerbaijan,Azerbaijan__PersonFunction__4,.az,139695406,0.756,target,86600,,115,10130100,Azerbaijan?oldid=1041285866&ns=0,230862,994,1.6,33.7,Azerbaijan,POINT(49.882221221924 40.395278930664),,National emblem,,,,,,,,,,,,,,,,,,,,,,,,,,,,,,,,,,,,,,,,,,,,,,,,,,,,,,,,,,,,,,,,,,,,,,,Christianity_in_Azerbaijan,,,,,,,,,200,,,,,,,others]],2009,,,,,,,,90,90,,,,,,,,,Lezgins,,,,,,Silk Kalaghais,,,,,,,,,,,,Minority languages,,,,,lower-alpha,The Maiden Tower and The Palace of the Shirvanshahs in the Old City of Baku is a UNESCO World Heritage Site built in the 11th–12th century.,Location of Azerbaijan  with territory controlled by the self-proclaimed Republic of Artsakh shown in light green.,,,,,,,,,,,,,,,,,,,,,,,,,,,,,,,,,,,,,,,,,,,,,,,,,,,,,,,,,,,,,,,,,,,,,,,,,,,,,,,,,,,,,,,,,,,,,,,,,,,,,,,,,,,,,,,,,,,,,,,,,,,,,,,,,,,,,,,,,,,,,,,,,,,,,,,,,,,,,,,,,,,,,,,,,,,,,,,,,,,,,,,,,,,,,,,,,,,,,,,,,,,,,,,,,,,,,,,,,,,
5,84,Belarus,National_Assembly_of_Belarus,My_Belarusy,Minsk,Belarusian_ruble,capital,Belarusian_language,Republic of Belarus,i84024,53.9167,27.55,3457,1040781031,Country,History_of_Belarus,,53.0 27.0,Moscow_Time,,,,Belarusian,,10/17/2004,,Unitary_state,,,Alexander Lukashenko,President_of_Belarus,45.8,,,,,3,,,,,,207595,80155,375,,Republic of Belarus,BYN,dd.mm.yyyy,right,Independence from USSR,5.77E+10,6133,2020,1.86E+11,19758,2020,25.3,increase,2019,0.823,increase,53,2019,Recognized minority language,center,,,,1.4,9413446,2019,142,120.8,population,2021,Flag_of_Belarus.svg?width=300,Belarus__HistoricalEvent__5,Yiddish,Belarus__PersonFunction__2,.бел,122714179,0.823,target,207600.497,,46.64114075,,Belarus?oldid=1040781031&ns=0,151786,375,1.4,25.3,Belarus,POINT(27.549999237061 53.916667938232),,National emblem,,,,,,,,,,,,,,,,,,,,,,,,,,,,,,,,,,,,,,,,,,,,,,,,,,,,,,,,,,,,,,,,,,,,,,,,,,,,,,,,,,,,,,,,2019,,-14,,,,,,96,96,,,,,,84,75,,Russians_in_Belarus,,,,,Council_of_the_Republic_of_Belarus,,,,,,,,,,,66,,,House_of_Representatives_of_Belarus,2011,Council_of_the_Republic_of_Belarus,17465-6,,,,,69,,,,,,,,,,,,,,,,,,,,,,,,,,,,,,,,,,,,,,,,,,,,,,,,,,,,,,,,,,,,,,,,,,,,,,,,,,,,,,,,,,,,,,,,,,,,,,,,,,,,,,,,,,,,,,,,,,,,,,,,,,,,,,,,,,,,,,,,,,,,,,,,,,,,,,,,,,,,,,,,,,,,,,,,,,,,,,,,,,,,,,,,,,,,,,,,,,,,,,,,,,,,,,,,,,,,,,,,,
6,136,Belgium,Belgian_Federal_Parliament,La_Brabançonne,Brussels,Euro,capital,German_language,Kingdom of Belgium,17201-5,50.85,4.35,3343,1041592035,State,Belgian_Revolution,Central_European_Summer_Time,50.833333333333336 4.0,Central_European_Time,left,,19-Feb,Belgian,,1839-04-19,,Constitutional_monarchy,,,Alexander_De_Croo,Monarchy_of_Belgium,376,The land area alone is likely greater now that the total surface has been discovered to be 168 kilometers greater,,Estimated distribution of primary languages in Belgium,,1,2,,,,,30689,,Telephone_numbers_in_Belgium,.be,Kingdom of Belgium,EUR,,right,Declared,5.03E+11,43814,2020,5.76E+11,50114,2020,25.4,decrease,2020,0.919,increase,17,2019,,"""La Brabançonne""",,German_language,,0.71,,,22,,11492641,2020,Flag_of_Belgium.svg?width=300,Belgium__HistoricalEvent__2,,Belgium__PersonFunction__2,.be,144248059,0.919,target,30689,"""Unity makes strength""",376,11492641,Belgium?oldid=1041592035&ns=0,196883,32,0.71,25.4,Belgium,POINT(4.3499999046326 50.849998474121),,Coat of arms,,,,,,,,,,,,,,,,,,,,,,,,,,,,,,,,,,,,,,,,,,,,,,,,,,,,,,,,,,,,,,,,,,,,,,,Catholic_Church_in_Belgium,,,,,,,,"— Julius Caesar, De Bello Gallico, Book I, Ch. 1",33,,,,,,,,,The flag's official proportions of 13:15 are rarely seen; proportions of 2:3 or similar are more common.,"The Brussels region is the de facto capital, but the City of Brussels municipality is the de jure capital.","The .eu domain is also used, as it is shared with other European Union member states.",,,,,82,82,,,,,,16,26,,,,,,,Senate_(Belgium),,,,,,right,,,,,18,,,Chamber_of_Representatives_(Belgium),2019,Chamber_of_Representatives_(Belgium),26151-0,,,,,36,,1,from the Netherlands,"Gaul is divided into three parts, one of which the Belgae inhabit, the Aquitani another, those who in their own language are called Celts, in ours Gauls, the third.

 Of all these, the Belgae are the strongest  .","""Unity makes strength""",,,,,,,,,,,,,,,,,,,,,,,,,,,,,,,,,,,,,,,,,,,,,,,,,,,,,,,,,,,,,,,,,,,,,,,,,,,,,,,,,,,,,,,,,,,,,,,,,,,,,,,,,,,,,,,,,,,,,,,,,,,,,,,,,,,,,,,,,,,,,,,,,,,,,,,,,,,,,,,,,,,,,,,,,,,,,,,,,,,,,,,,,,,,,,,,,,,,,,,,,,,,,,,,,,,,
7,125,Bosnia and Herzegovina,Parliamentary_Assembly_of_Bosnia_and_Herzegovina,National_Anthem_of_Bosnia_and_Herzegovina,Sarajevo,Bosnia_and_Herzegovina_convertible_mark,capital,,Bosnia and Herzegovina,,43.8667,18.4167,3463,1041251691,Country,History_of_Bosnia_and_Herzegovina,Central_European_Summer_Time,43.86666666666667 18.416666666666668,Central_European_Time,right,Red,,"Bosnian,Herzegovinian",vertical,12/14/1995,,Constitution_of_Bosnia_and_Herzegovina,No answer,None,Željko Komšićb,,69,,right,Articles related to Bosnia and Herzegovina,,1,2,50.1,,,,51129,19741,Telephone_numbers_in_Bosnia_and_Herzegovina,.ba,Bosnia and Herzegovina,BAM,dd. mm. yyyy.,Left-_and_right-hand_traffic,SR Bosnia and Herzegovina within SFR Yugoslavia,2.20E+10,6727,2021,5.20E+10,15935,2021,32.7,decrease,2015,0.78,increase,73,2019,Official languages,"""Državna himna Bosne i Hercegovine, Државна химна Босне и Херцеговине""",,,,1.4,3531159,2013,,179,3824782,2021,Flag_of_Bosnia_and_Herzegovina.svg?width=300,Bosnia_and_Herzegovina__HistoricalEvent__9,Croatian_language,Bosnia_and_Herzegovina__PersonFunction__4,.ba,126120141,0.78,target,51129,,69.11228638,3824782,Bosnia_and_Herzegovina?oldid=1041251691&ns=0,192575,387,1.4,32.7,Bosnia_and_Herzegovina,POINT(18.416666030884 43.866664886475),,,,,,,,,,,,,,,,,,,,,,,,,,,,,,,,,,,,,,,,,,,,,,,,,,,,,,,,,,,,,,,,,,,,,,,,,—30.7% Orthodoxy,,,,,,,,,220,,,,,,,,2013,The High Representative is an international civilian overseer of the Dayton Agreement with authority to dismiss elected and non-elected officials and enact legislation.,Chair of current presidency,Current presidency member,Current presidency member,,,,130,130,,,,,,89,115,,,,,#ddd,,House_of_Peoples_of_Bosnia_and_Herzegovina,,,,,,right,,,,,77,,Official languages,House_of_Representatives_of_Bosnia_and_Herzegovina,2013,House_of_Representatives_of_Bosnia_and_Herzegovina,19086-4,,,,,114,,,,,,Religion,Percent,47,,,,,,,,,,,,,,,,,,,,,,,,,,,,,,,,,,,,,,,,,,,,,,,,,,,,,,,,,,,,,,,,,,,,,,,,,,,,,,,,,,,,,,,,,,,,,,,,,,,,,,,,,,,,,,,,,,,,,,,,,,,,,,,,,,,,,,,,,,,,,,,,,,,,,,,,,,,,,,,,,,,,,,,,,,,,,,,,,,,,,,,,,,,,,,,,,,,,,,,,,,,,,,,,,
8,103,Bulgaria,National_Assembly_(Bulgaria),Mila_Rodino,Sofia,Bulgarian_lev,capital,Bulgarian_language,Republic of Bulgaria,17175-1,42.6833,23.3167,3415,1041093776,Country,History_of_Bulgaria,Eastern_European_Summer_Time,42.68333333333333 23.316666666666666,Eastern_European_Time,right,,,Bulgarian,horizontal,11/15/1990,,Unitary_state,,Cyrillic_script,Stefan_Yanev_(Bulgarian_politician),Vice_President_of_Bulgaria,63,,,,,2,3,,,,,110994,42811,Telephone_numbers_in_Bulgaria,.бг,Republic of Bulgaria,BGN,,right,Principality_of_Bulgaria,7.78E+10,11321,2021,1.75E+11,25471,2021,40,decrease,2020,0.816,steady,56,2019,,Mila Rodino,,Bulgarian_language,,2.16,,,120,166,6875040,21-Jun,Flag_of_Bulgaria.svg?width=300,Bulgaria__HistoricalEvent__5,Cyrillic_script,Bulgaria__PersonFunction__4,.бг,,0.816,target,110993.6,,63,6875040,Bulgaria?oldid=1041093776&ns=0,193983,359,2.16,40,Bulgaria,POINT(23.316667556763 42.683334350586),,,,,,,,,,,,,,,,,,,,,,,,,,,,,,,,,,,,,,,,,,,,,,,,,,,,,,,,,,,,,,,,,,,,,,,,,,,,,,,,,,129,,,,,,,,2011,,,,,,,,106,106,,,,,,61,68,,Romani_people_in_Bulgaria,,,,,,Portrait of president Rumen Radev,,,,,,,,,,55,,Official_script,,,,,,,,,73,,,,,,,,,no,,,,,,,,,,,,,,,,,,,,,,,,,,,,,,,,,,,,,,,,,,,,,,,,,,,,,,,,,,,,,,,,,,,,,,,,,,,,,,,,,,,,,,,,,,,,,,,,,,,,,,,,,,,,,,,,,,,,,,,,,,,,,,,,,,,,,,,,,,,,,,,,,,,,,,,,,,,,,,,,,,,,,,,,,,,,,,,,,,,,,,,,,,,,,,,,,,,,,,,,,,,,,,,,
9,124,Croatia,Croatian_Parliament,"""Lijepa naša domovino""",Zagreb,Croatian_kuna,capital,Croatian_language,Republic of Croatia,18227-3,45.8,16,5573,1041331697,State,,Central_European_Summer_Time,45.166666666666664 15.5,Central_European_Time,left,,21-Jan,Croatian,vertical,7/1/2013,"Left: Vučedol culture, Vučedol dove made between 2800 and 2500 BCE",Unitary_state,,Latin,Gordan_Jandroković,Speaker_of_the_Croatian_Parliament,73,,,,250,1,2,,,,,56594,21851,Telephone_numbers_in_Croatia,,Republic of Croatia,HRK,dd.mm.yyyy.,right,Secession from,6.32E+10,15646,2020,1.18E+11,29207,2020,28.3,decrease,2020,0.851,increase,43,2019,,,,Croatian,St._Joseph,1.09,4284889,2011,109,189,4058165,2020,Flag_of_Croatia.svg?width=300,Croatia__HistoricalEvent__9,Latin_alphabet,Croatia__PersonFunction__3,,152376980,0.851,target,56594,,72.97330796,4058165,Croatia?oldid=1041331697&ns=0,217874,385,1.09,28.3,Croatia,POINT(16 45.799999237061),croatia.hr,,,,,,,,,,,,,,,,,,,,,,,,,,,,,,,,,,,,,,,,,,,,,,,,,,,,,,,,,,,,,,,,,,,,,,,,,,,,,,,,,190,,,,,,,,2011,,,,,,,,128,128,,,,,,55,77,,Serbs_of_Croatia,,,,,,Stone Sculpture,,,,,,,,,,49,,Writing_system,,2011,,,,,,,80,,,,,,,,,,,,,,,,,,,,,,,,,,,,,,,,,,,,,,,,,,,,,,,,,,,,,,,,,,,,,,,,,,,,,,,,,,,,,,,,,,,,,,,,,,,,,,,,,,,,,,,,,,,,,,,,,,,,,,,,,,,,,,,,,,,,,,,,,,,,,,,,,,,,,,,,,,,,,,,,,,,,,,,,,,,,,,,,,,,,,,,,,,,,,,,,,,,,,,,,,,,,,,,,,,,,,,,,,
10,162,Cyprus,House_of_Representatives_(Cyprus),,Nicosia,Euro,capital,Turkish_language,Republic of Cyprus,17641-5,35.1667,33.3667,5593,1040415552,Country,Independence,Eastern_European_Summer_Time,35.166666666666664 33.36666666666667,Eastern_European_Time,right,,7/14/2019,Cypriot,horizontal,5/1/2004,Kykkos Monastery in Pedoulas  and Hala Sultan Tekke near Larnaca Salt Lake .,Unitary_state,,,Vacant,Vice_President_of_Cyprus,123.4,,,Articles related to Cyprus,,2,3,,,,,9251,3572,Telephone_numbers_in_Cyprus,.cy,Republic of Cyprus,EUR,,Right-_and_left-hand_traffic,Joined the EU,2.50E+10,28888,2019,3.60E+10,41572,2019,31.1,increase,2019,0.887,increase,33,2019,Vernaculars,File:Greece_national_anthem.ogg,,,,9,838897,2011,82,319.5,,,Flag_of_Cyprus.svg?width=300,Cyprus__HistoricalEvent__4,Cypriot_Greek,Cyprus__PersonFunction__3,.cy,130118559,0.887,target,9251.43753,,123.3596397,,Cyprus?oldid=1040415552&ns=0,206080,357,9,31.1,Cyprus,POINT(33.366664886475 35.166667938232),,,,,,,,,,,,,,,,,,,,,,,,,,,,,,,,,,,,,,,,,,,,,,,,,,,,,,,,,,,,,,,,,,,,,,,,,,,,,,,,,,227,,,,,,,,,,,,,,,,158,158,,,,,,33,114,,Armenian_Cypriots,,Cypress,#ddd,,,,,,,,right,,,,,35,,Minority languages,,2020,,,,,"Location of Cyprus , showing the Republic of Cyprus in darker green and the self-declared republic of Northern Cyprus in brighter green, with the rest of the European Union shown in faded green",index_en%3Fopendocument,126,,,,,,religion,percent,,,Total,,,,,,,,,,,,,,,,,,,,,,,,,,,,,,,,,,,,,,,,,,,,,,,,,,,,,,,,,,,,,,,,,,,,,,,,,,,,,,,,,,,,,,,,,,,,,,,,,,,,,,,,,,,,,,,,,,,,,,,,,,,,,,,,,,,,,,,,,,,,,,,,,,,,,,,,,,,,,,,,,,,,,,,,,,,,,,,,,,,,,,,,,,,,,,,,,,,,,,,,,,,,,,,
11,,,,,,,,,,,,,42674597,1015552839,,,,,,,,,,,,,,,,,,,,,,,,,,,,,,,,,,,,,,,,,,,,,,,,,,,,,,,,,,,,,,,,,,,,,,,,,,,Czechia?oldid=1015552839&ns=0,107,,,,Czechia,,,,,,,,,,,,,,,,,,,,,,,,,,,,,,,,,,,,,,,,,,,,,,,,,,,,,,,,,,,,,,,,,,,,,,,,,,,,,,,,,,,,,,,,,,,,,,,,,,,,,,,,,,,,,,,,,,,,,,,,,,,,,,,,,,,,,,,,,,,,,,,,,,,Czech_Republic,,,,,,,,,,,,,,,,,,,,,,,,,,,,,,,,,,,,,,,,,,,,,,,,,,,,,,,,,,,,,,,,,,,,,,,,,,,,,,,,,,,,,,,,,,,,,,,,,,,,,,,,,,,,,,,,,,,,,,,,,,,,,,,,,,,,,,,,,,,,,,,,,,,,,,,,,,,,,,,,,,,,,,,,,,,,,,,,,,,,,,,,,,,,,,,,,,,,,,,,,,,,,,
12,130,Denmark,Folketing,,Copenhagen,Danish_krone,capital,Danish_language,Kingdom of Denmark,DK,56,12.5667,76972,1041410765,Country,History_of_Denmark,Central_European_Summer_Time,56.0 10.0,Central_European_Time,,MediumBlue,20-Dec,Dane,,1/1/1973,,Constitutional_monarchy,People of Danish origin,,Henrik_Dam_Kristensen,Monarchy_of_Denmark,137.65,What does it mean? Is it good or bad? Please include a little eplanation,right,Articles related to Denmark,300,1,2,86.11,Denmark,,Red with a white cross that extends to the edges of the flag; the vertical part of the cross is shifted to the hoist side,42933,,298,.gl,Kingdom of Denmark,DKK,YYYY-MM-DD,Right,,3.70E+11,63829,2018,2.99E+11,51643,2018,27.3,decrease,2020,0.94,increase,10,2019,,,,Danish_language,,1.74,,,,,5850189,Q3 2021,Flag_of_Denmark.svg?width=300,Denmark__HistoricalEvent__4,Greenlandic_language,Denmark__PersonFunction__3,.gl,135958350,0.94,,42933,,137.65,5850189,Denmark?oldid=1041410765&ns=0,220616,45,1.74,27.3,Denmark,POINT(12.566666603088 55.716667175293),,,11.5,3.6,7.5,37,,,21.2,13.5,17.2,91,,,,4.2,−0.3,2.2,61,,,3.3,−1.3,1.2,50,,,3.3,−0.8,1.5,66,,,21.6,13.4,17.4,77,,,18.5,10.6,14.6,68,,,Denmark,6.1,−0.2,3,43,,,15.5,7.4,11.4,53,,,Yes,7.9,3.2,5.7,75,,,12.3,6.2,9.4,83,,,green,Church_of_Denmark,17.5,10.2,13.8,62,,,Yes,,,11.9,5.5,8.8,765,,,"*86.11% Danish
* Faroese
Indigenous status:
* Inuit
Minority status:
* German
Other:
* 13.89% non-Danish",,,,,,,,,,,,,,,,6,34,,Greenlandic_Inuit,,,,,,,,,yes,,,,,,,19,,,,2020,,,,,"Location of the Kingdom of Denmark , including Greenland, the Faroe Islands , and Denmark proper",,52,,,,,,,,,,Entire kingdom,,"Sovereign state
*",75,1739,11,16,no,17,15,center,18,14,13,250,13,13,20,17,no,14,no,198,2220930,196,45,71,,47,232,239,250,146,235,58,111,Kong Christian stod ved højen mast,National_anthems_of_Denmark,56081,Greenland,Greenlandic_language,162,,,,,,,,,,,,,,,,,,,,,,,,,,,,,,,,,,,,,,,,,,,,,,,,,,,,,,,,,,,,,,,,,,,,,,,,,,,,,,,,,,,,,,,,,,,,,,,,,,,,,,,,,,,,,,,,,,,,,,,,,,,,,,,,,,,,,,,,,,,,,,,,,,,,,,,,,,,,,,,,,,,,,,
13,129,Estonia,Riigikogu,"Mu_isamaa,_mu_õnn_ja_rõõm",Tallinn,Euro,Tallinn,,Republic of Estonia,17471-4,59.4167,26,28222445,1041641298,Country,History_of_Estonia,Eastern_European_Summer_Time,59.0 26.0,Eastern_European_Time,left,,,Estonian,horizontal,,,Unitary_state,127,,Jüri_Ratas,Riigikogu,30.9,,,Residents of Estonia by ethnicity,,+02:00,180,,,,,45227,17505,Telephone_numbers_in_Estonia,.eee,Republic of Estonia,EUR,,,Joined the EU,3.50E+10,26377,2021,4.96E+10,39543,2021,30.5,steady,2020,0.892,increase,29,2019,,center|alt=sound file of Estonian national anthem,,,,5.16,1294455,,148,75,1330068,2021,Flag_of_Estonia.svg?width=300,Estonia__HistoricalEvent__6,,Estonia__PersonFunction__3,.ee,134320092,0.892,target,45337.74187,,30.9,1330068,Estonia?oldid=1041641298&ns=0,221898,372,5.16,30.5,Estonia,POINT(26 59.416667938232),,,,,,,,,,,,,,,,,,,,,,,,,,,,,,,,,,,,,,,,,,,,,,,,,,,,,,,,,,,,,,,,,,,,,,,,,,,,,,,,,,124,,,,,,,,2021,The Supreme Court and one ministry are based in Tartu.,"According to the Constitution of Estonia, Estonian is the sole official language. In southern counties, Võro and Seto are spoken along with it. Russian is spoken in parts of Ida-Virumaa and Tallinn.",Including 5.4% Võros and 0.93% Setos.,"were defined according to the Treaty of Tartu in 1920 between Estonia and Soviet Russia . Today, the remaining  are part of the Russian Federation. The ceded areas include most of the former Petseri County and areas east of the Narva river including Ivangorod . Pechory remains under Russian administration.","Also .eu, shared with other member states of the European Union.",,,,,,,,,,35,97,,,,,,,,,,,,,right,,,,,37,,Official language,,2011,,,,,,,,,,from Russia and Soviet Union,,,,,,,,,,,,,,,,,,,,,,,,,,,,,,,,,,,,,,,,,,,,,,,,,em,54,58,Business Bribery Risk Score,Country,35,,,,,,,,,,,,,,,,,,,,,,,,,,,,,,,,,,,,,,,,,,,,,,,,,,,,,,,,,,,,,,,,,,,,,,,,,,,,,,,,,,,,,,,,,,,,,,,,,,,,,,,,,,,,,,,,,,,,,,,,,,,,,,,,,,,,,,,,,,,,,,,,,,,,,,,,,,,,,,,,
14,65,Finland,Parliament_of_Finland,,Helsinki,Euro,capital,Finnish_language,Republic of Finland,16982-5,60.1667,24.9333,10577,1040307493,State,Independence_of_Finland,Eastern_European_Summer_Time,60.166666666666664 24.933333333333334,Eastern_European_Time,right,#ff471a,11-Mar,Finnish,vertical,January – May 1918,The state-owned VR operates a railway network serving all major cities in Finland.,Unitary_state,Other European,,Anu_Vehviläinen,Speaker_of_the_Parliament_of_Finland,16,"No mention of coup in the section The Finnish Civil War, which should cover this. The actions by the reds are not characterized.",right,,,2,3,91.98,,,,338455,130596,Telephone_numbers_in_Finland,".fi, .axa",Republic of Finland,EUR,d.m.yyyy,right,Joined the EU,2.77E+11,48461,2020,2.57E+11,49334,2020,26.5,increase,2020,0.938,increase,11,2019,,center,,,,9.71,,,213,41,5536146,20-Dec,Flag_of_Finland.svg?width=300,Finland__HistoricalEvent__7,Finnish_Sign_Language,Finland__PersonFunction__3,.fi,132440532,0.938,target,338455,,15.8301885,5536146,Finland?oldid=1040307493&ns=0,247244,358,9.71,26.5,Finland,POINT(24.933332443237 60.166667938232),en,,,,,,,,,,,,,,,,,,,,,,,,,,,,,,,,,,,,,,,,,,,,,,,,,,,,,,,,,,,,,,,,,,,,,,,,,,,,,,,,,180,,,,,,,,2020,"The .eu domain is also used, as it is shared with other European Union member states.",,,,,,,116,116,,,,,,14,43,,Demographics_of_Africa,,,,,,,,,,,,,,,,19,,,,2020,,,,,,,60,,,from Russia,,,,,,,,,,,,,,,,,,,,,,,,,,,,,,,,,,,,,,,,,,,,,,,,,,,,,,,left,,,,,,,,,,,,,,,,,,,,,,,,,,,,,,,,,,,,,,,,,,,,,,,,,,,,,,,,,,,,,,,,,,,,,,,,,,,,,,,,,,,,,,,,,,,,,,,,,,,,,,,,,,,,,,,,,,,,,,,,,,,,,,,,,,,,,,,,,,,,,,,,,,,,,,,,,,,,,,,
15,42,France,French_Parliament,La_Marseillaise,Paris,CFP franc,capital,,French Republic,17255-3,48.85,2.35,5843419,1041451964,State,History_of_France,Central European Summer Time,47.0 2.0,Central_European_Time,,,,French,vertical,August 843,,Unitary_state,,French,Gérard_Larcher,President_of_France,116,,,Related articles,,1,2,,,,,640679,248600,33,.fr,French Republic,,yyyy,right,Treaty of Verdun,2.94E+12,44995,2021,3.23E+12,49492,2021,29.2,increase,2019,0.901,increase,26,2019,,alt=sound clip of the Marseillaise French national anthem,"""",,,0.86,,,89,301,67413000,21-May,Flag_of_France.svg?width=300,France__HistoricalEvent__5,French_language,France__PersonFunction__4,.fr,264091107,0.901,target,643871.0442,"""Liberty, Equality, Fraternity""",116,67413000,France?oldid=1041451964&ns=0,333648,33,0.86,29.2,France,POINT(2 48.849998474121),en,Emblem,,,,,,,,,,,,,,,,,,,,,,,,,,,,,,,,,,,,,,,,,,,,,,,,,,,,,,,,,,,,,,,,,,,,,,,,,,,,,,,,,,,,,,,,,,,,,,,,20,20,,,,,,24,7,,,,Francia,,,Senate_(France),,,,,,,,,,,25,,Official language,National_Assembly_(France),2020,Senate_(France),,,Bastille Day in Paris,,,9,,,,,"""Liberty, Equality, Fraternity""",,,,,Metropolitan France,,,75,,,,,,,,,,,,,,,,,,,,,,,,,,,,,,,,,100,Great_Seal_of_France,65239000,"Metropolitan France, estimate",,,,,,,,,,,Diplomatic emblem of France,"Source gives area of metropolitan France as 551,500 km2  and lists overseas regions separately, whose areas sum to 89,179 km2 . Adding these give the total shown here for the entire French Republic. The CIA reports the total as 643,801 km2 .",-23,230,,,,,,,,,,,,,,,,,,,,,,,,,,,,,,,,,,,,,,,,,,,,,,,,,,,,,,,,,,,,,,,,,,,,,,,,,,,,,,,,,,,,,,,,,,,,,,,,,,,,,,,,,,,,,,,,,,,,,,,,,,,,,,,,,,,,,,,,,,,,,,,,,,,,,,,,,,
16,,,,,,,,,,,,,17238515,1040963200,,,,,,,,,,,,,,,,,,,,,,,,,,,,,,,,,,,,,,,,,,,,,,,,,,,,,,,,,,,,,,,,,,,,,,,,,,,Georgia?oldid=1040963200&ns=0,4189,,,,Georgia,,,,,,,,,,,,,,,,,,,,,,,,,,,,,,,,,,,,,,,,,,,,,,,,,,,,,,,,,,,,,,,,,,,,,,,,,,,,,,,,,,,,,,,,,,,,,,,,,,,,,,,,,,,,,,,,,,,,,,,,,,,,,,,,,,,,,,,,,,,,,,,,,,,,,,,,,,,,,,,,,,,,,,,,,,,,,,,,,,,,,,,,,,,,,,,,,,,,,,,,University_of_Georgia_(Tbilisi),,,,,,,,,,,,,,,,,,,,,,,,,,,,,,,,,,,,,,,,,,,,,,,,,,,,,,,,,,,,,,,,,,,,,,,,,,,,,,,,,,,,,,,,,,,,,,,,,,,,,,,,,,,,,,,,,,,,,,,,,,,,,,,,,,,,,,,,,,,,,,,,,,,,,,,,,
17,63,Germany,,Deutschlandlied,Berlin,Euro,capital,,Germany,18012-3,52.5167,13.3833,11867,1041613796,Republic,History_of_Germany,Central_European_Summer_Time,51.0 9.0,Central_European_Time,right,,,German,,10/3/1990,,Federation,,German,Olaf_Scholz,Chancellor_of_Germany_(Federal_Republic_of_Germany),232,,,Articles related to Germany,,1,2,,,,,357022,137847,,.de,Federal Republic of Germany,EUR,,Right,-18,4.32E+12,51860,2021,4.74E+12,56956,2021,29.7,decrease,2019,0.947,increase,6,2019,,File:German national anthem performed by the US Navy Band.ogg,,,,1.27,,,58,601,83190556,2020,Flag_of_Germany.svg?width=300,Germany__HistoricalEvent__5,German_language,Germany__PersonFunction__3,.de,189116956,0.947,target,357022.091,,232.0473973,83190556,Germany?oldid=1041613796&ns=0,193831,,1.27,29.7,Germany,POINT(9 52.516666412354),_node.html,,,,,,,,,,,,,,,,,,,,,,,,,,,,,,,,,,,,,,,,,,,,,,,,,,,,,,,,,,,,,,,,,,,,,,,,,,,,,,,,,155,,,,,,,,,,,,,,,,18,18,,,,,,15,4,,,,,,,Bundesrat_of_Germany,,,,,,,,,,,15,,Official language,Bundestag,,Bundesrat_of_Germany,,,,,,5,,,,,,,,,,,,,,,,,,,,,,,,250,,,,,,,,,,,,,,,,,,,,,,,,,,,,,,,,,,,,,,,,,,,,,,,,,,,,,,,,,,,,,,,,,,,,,,,,,,,,,,,,,,,,,,,,,,,,,,,,,,,,,,,,,,,,,,,,,,,,,,,,,,,,,,,,,,,,,,,,,,,,,,,,,,,,,,,,,,,,,,,,,,,,,,,,,,,,,,,,,,,,,,,,,,,,,,,,,
18,95,Greece,Hellenic_Parliament,Hymn_to_Liberty,Athens,Euro,capital,,Hellenic Republic,17184-0,37.9667,23.7167,12108,1041624257,Country,History_of_Greece,Eastern_European_Summer_Time,37.96666666666667 23.716666666666665,Eastern_European_Time,right,DeepSkyBlue,13-Mar,Greek,horizontal,",",30,Unitary_parliamentary_republic,Other Christians,Greek_language,Katerina Sakellaropoulou,Prime_Minister_of_Greece,82,Where does it say that in the text?,right,,,+02:00,180,90,,,,131957,50949,Telephone_numbers_in_Greece,.gra,Hellenic Republic,EUR,--,right,Independence declared,1.94E+11,18168,2020,3.11E+11,29045,2020,31.1,increase,2020,0.888,increase,32,2019,,,,,,1.51,10816286,2011,98,212,10718565,2020,Flag_of_Greece.svg?width=300,Greece__HistoricalEvent__3,Greek_language,Greece__PersonFunction__3,.gr,259064522,0.888,target,131957.3042,"(""Freedom or Death"")",82,10718565,Greece?oldid=1041624257&ns=0,297504,30,1.51,31.1,Greece,POINT(23.716667175293 37.966667175293),,,,,,,,,,,,,,,,,,,,,,,,,,,,,,,,,,,,,,,,,,,,,,,,,,,,,,,,,,,,,,,,,,,,,,,,,Church_of_Greece,,,,,,,,,211,,,,,,,,,"The .eu domain is also used, as in other European Union member states.",,,,,,,85,85,,,,,,41,51,,,,,,,,,,,,,,,,,,47,,Official language,,2017,,,,,,,53,,,,,,,,60,,,,,,,,,,,,left,,,,,,,,,,,,,,,,,,,,,,,,,,,,,,,,,,,,,,,,,,,,,yes,,,,,,,,,,,,,,,,,,,,,,,,,,,,,,,,,,,,,,,,,,,,,,,,,,,,,,,,,,,,,,,,,,,,,,,,,,,,,,,,,,,,,,,,,,,,,,,,,,,,,,,,,,,,,,,,,,,,,,,,,,,,,,,,,,,,,,,,,,,,,,,,,,,,,,,,
19,,,Parliament_of_Greenland,,Nuuk,Danish_krone,capital,,Greenland,i83189,64.1667,-51.7333,12118,1041547612,Country,,,64.16666666666667 -51.733333333333334,,,Grey,,Greenlander,,6/21/2009,,Devolved government within a parliamentary constitutional monarchy,Other Religion,"Danish, English, and other languages if necessary",Múte_Bourup_Egede,,0.028,,right,Ethnic groups of Greenland,300,,,95.5,Greenland,,,2166086,836109,Telephone_numbers_in_Greenland,.gl,,DKK,dd-mm-yyyy,right,,3.05E+09,,,1.80E+09,37000,2011,33.9,steady,2015,0.786,increase,61,2010,,,,Greenlandic,,83.1,,,,0.069,56081,2020,Flag_of_Greenland.svg?width=300,,,,,,,,,,,,Greenland?oldid=1041547612&ns=0,146347,,,,Greenland,POINT(-51.733333587646 64.166664123535),Naalakkersuisut,,,,,,,,,,,,,,Q223,,,,,,,,,,,,,,,,,,,,,,,,,,,,,,,,,,,,,,,,,,,,,,,,,,,,,,,,,,Christianity,,,,,,,,,,,,,,,,"Indigenous status:
*88.9% Inuit  
Non-Indigenous: 
*7.8% Danish 
*1.1% Nordic 
*1.4% Others",2018,,,,,,,,210,,,,,,,,,,,,,#ddd,,,,,,,,left,,,,,40,,Recognised languages,,,,,,,Location of Greenland,,not ranked,,,,,,Ethnic groups,percent,,,,,,,,,,no,,,center,,,,,,,,,no,,Greenland,,,,,,,,,,,,,,,,,,,,,,,,,,,,,,,,,,,290,Kalaallit anthem,UTC±00:00 to UTC-04:00,Grønland - Kalaallit Nunaat,Further autonomy and self rule,125,ISO_3166-2:GL,Category:Greenland,39,List_of_postal_codes_in_Greenland,Portal:Greenland,85,The_unity_of_the_Realm,Kingdom_of_Denmark,Sovereign_state,3700,Flag of Greenland,2,Folketing,Coat of arms of Greenland,Coat of arms,Востраў_Грэнландыя,,,,,,,,,,,,,,,,,,,,,,,,,,,,,,,,,,,,,,,,,,,,,,,,,,,,,,,,,,,,,,,,,,,,,,,,,,,,,,,,,,,,,,,,,,,,,,,,,,,,,,,,,,,,,,,,,,,,,,,,,,,,,,,,,,
20,,,,,,,,,Holy See,,41.9033,12.4533,13393,1041599077,Jurisdiction,Sovereign subject of international law,,41.903333333333336 12.453333333333333,,right,,,Pontifical,,Early_Church,,Unitary_state,,Italian,Pietro_Parolin,Cardinal_Secretary_of_State,,,,The Vatican,,,,,,,,,,,,Holy See,,,,>,,,,,,,,,,,,,,Working languages,,,,Saint_Peter,,,,,,,,Emblem_of_the_Papacy_SE.svg?width=300,Holy_See__HistoricalEvent__8,,Holy_See__PersonFunction__2,,,,,,,,,Holy_See?oldid=1041599077&ns=0,47825,,,,Holy_See,POINT(12.453332901001 41.903331756592),en.html%7CVatican.va,,,,,,,,,,,,,,,,,,,,,,,,,,,,,,,,,,,,,,,,,,,,,,,,,,,,,,,,,,,,,,,,,,,,,,,,Catholic_Church,,,,,,,,,100,,,,,,,,,,,,,,,,,,,,,,,,,,,,Vatican_City,,,,,,,,,,,,,,,,,,,,,,,,,,en.html%7CVatican.va,,,,,,,,,,,,,,,,,,,,,,,,,,,,,,,,,,,,,,,,,,,,,,,,,,,,,,,,,,,Coats of arms of the Holy See and Vatican City,,,,,,,,,,,,,,,,,,,,,,,,,,,,vatican,Flag of Vatican City,Catholic_Church,Ecclesiastical_jurisdiction,"Apostolic episcopal see of the Bishop of Rome, the pope, head of the worldwide Catholic Church",Catholic_Church,Catholic_Church,,,,,,,,,,,,,,,,,,,,,,,,,,,,,,,,,,,,,,,,,,,,,,,,,,,,,,,,,,,,,,,,,,,,,,,,,,,,,,,,,,,,,,,,,,,,,,,,,,,,,,,,,,,,,,,,,,,,,,,,,,,
21,108,Hungary,National_Assembly_(Hungary),,Budapest,Hungarian_forint,capital,Hungarian_language,Current Structure of the National Assembly of Hungary,17181-6,47.4333,20,13275,1041500603,State,History_of_Hungary,Central_European_Summer_Time,47.0 20.0,Central_European_Time,,,,Hungarian,,1/1/2012,,Unitary_state,,,János_Áder,List_of_Speakers_of_the_National_Assembly_of_Hungary,9769526,,,Articles related to Hungary,,1,2,,,,,93030,35919,Telephone_numbers_in_Hungary,.hu,Hungary,HUF,yyyy.mm.dd.,right,Joined the European Union,1.50E+11,15373,2020,3.16E+11,32434,2020,28.3,increase,2020,0.854,increase,40,2019,,center,,Hungarian_language,Stephen_I_of_Hungary,3.7,,,78,9769526,9730000,2021,Flag_of_Hungary.svg?width=300,Hungary__HistoricalEvent__9,,Hungary__PersonFunction__3,.hu,128544491,0.854,target,93030,,9769526,9730000,Hungary?oldid=1041500603&ns=0,218320,36,3.7,28.3,Hungary,POINT(20 47.433334350586),en,,,,,,,,,,,,,,,,,,,,,,,,,,,,,,,,,,,,,,,,,,,,,,,,,,,,,,,,,,,,,,,,,,,,,,,,,,,,,,,,,143,,,,,,,,microcensus 2016,,,,,,,,91,91,,,,,,45,53,,Germans_of_Hungary,,,,,,,,,,,,,,,,41,,,,census 2011,,,,,,,53,,,,,,,,,,,,,50,,,,,,,,,,,,,,,,,,,,,,,,,,,,,,,,,,,,,,,,,,,,,,,,,,,,,,,,,,,,,,,,,,,,,,,,,,,,,,,,,,250,"* German minority 
Opposition  
* MSZP-Dialogue group
** MSZP 
** Dialogue 
* Jobbik 
* DK 
* Greens 
* Independents",Current Structure of the National Assembly of Hungary,199,Hungary Országgyűlés 2020.svg,,,,,,,,,,,,,,,,,,,,,,,,,,,,,,,,,,,,,,,,,,,,,,,,,,,,,,,,,,,,,,,,,,,,,,,,,,,,,,,,,,,,,,,,,,,,,,,,,,,,,,,,,,,,,,,,,,,,,,
22,106,Iceland,Althing,Lofsöngur,Reykjavík,Icelandic_króna,capital,,Iceland,16984-1,65,-18,14531,1040612891,Country,History_of_Iceland,,65.0 -18.0,Western_European_Time,,,12-Oct,Icelander,,1/1/1970,,Unitary_state,,Icelandic_language,,,3.5,"What is Iðunn? Since it began in 1929, it must be something different from the goddess Iðunn.",,Related articles,,,,,,,,102775,39699,Telephone_numbers_in_Iceland,.is,Iceland,ISK,yyyy,Left-_and_right-hand_traffic,Extended home rule,2.08E+10,57189,2020,1.98E+10,54482,2020,23.2,decrease,2018,0.949,increase,4,2019,,"""Lofsöngur""",,,Saint_Thorlak,2.07,315556,2011,190,9.2,368720,2021,Flag_of_Iceland.svg?width=300,Iceland__HistoricalEvent__9,Icelandic_language,Iceland__PersonFunction__4,.is,133608068,0.949,target,102819.938,,3.552139859,368720,Iceland?oldid=1040612891&ns=0,183349,354,2.07,23.2,Iceland,POINT(-18 65),,,,,,,,,,,,,,,,,,,,,,,,,,,,,,,,,,,,,,,,,,,,,,,,,,,,,,,,,,,,,,,,,,,,,,,,,Ásatrúarfélagið,,,,,,,,,200,,,,,,,,2018,,,,,,,,179,179,"Article 62, Section IV of Constitution of Iceland",,,,,5,,,Poles_in_Iceland,,,,,,,,,,,,,,,,16,,Official language,,2020,,,,,,,142,,,,,,,,2,,,,,,,,,,,,,,,,220,,,,,,,,,,,,,,,,,,,,,,,,,,,,,,,,,,,,,,,,,,,,,,,,,,,,,,,,,,,,,,,,,,,,,,,,,,,,"The Evangelical Lutheran Church shall be the State Church in Iceland and, as such, it shall be supported and protected by the State.",,,,,,,,,,,,,,,,,,,,,,,,,,,,,,,,,,,,,,,,,,,,,,,,,,,,,,,,,,,,,,,,,,,,,,,,,,,,,,,,,,,,,,,,,,,,,,,,,,,,,,,,,,,,,,,,,,,,,
23,,,,,,,,,Ireland,IE,53.4167,-8,147575,1039205376,Island,,,53.416666666666664 -8.0,,,,11-Jan,Irish_people,,,,,,Ulster_Scots_dialect,,,,,,,,±0UTC,,,,,,84421,,,,,,,,,,,,,,,,,,,,,,,,,,,,,,,,,,Map_of_Ireland_in_Europe.svg?width=300,,,,,,,,,,,6572728,Ireland?oldid=1039205376&ns=0,185967,,,,Ireland,POINT(-8 53.416667938232),,,,,,,25.8,−7.7,,,,,31.5,-2.7,,,,,,18.1,−17.5,,,,,18.1,−17.8,,,,,18.5,−19.1,,,,,32.3,-0.3,,,,,33.3,-3.3,Ireland,,,,,23.6,−17.2,,,,,28.4,−5.6,Yes,,,,,20.1,−11.5,,,,,25.2,−8.3,,,,,,,29.1,−3.0,Yes,,,,,,,33.3,−19.1,,,,,,,,,,,,,,,,,,,,,,,,,,,,,,Republic_of_Ireland,,,,,,,,,,,,,,,,,,,,,,,,,,,,,,,,,,,,,,,,,,,,,,,,,,,,,,,,,,,,,,,,,,,,,,,,,,,,,,,,,,,,,,,,,,,,,,,,,,,,,,,,,,,,,,,,,,,,,,19,1,Atlantic_Ocean,1041,Map of Ireland in Europe.svg,6572728,2016,20,Greenwich_Mean_Time,Irish_Standard_Time,'',7524,Northern_Ireland,Countries_of_the_United_Kingdom,Belfast,city,Dublin,city,77.8,Carrauntoohil,84421,1041,,,,,,,,,,,,,,,,,,,,,,,,,,,,,,,,,,,,,,,,,,,,,,,,,,,,,,,,,,,,,,,,,,,,,,,,,,,,,,,,,,,,,,,,,,,,,,,
24,150,Israel,Knesset,Hatikvah,Jerusalem,New shekel,capital,Modern_Hebrew,occupation,17623-0,31.7833,35.2167,9282173,1041578727,State,Independence from the British Empire,Israel_Summer_Time,31.0 35.0,Israel_Standard_Time,left,,,Israeli,,5/11/1949,Satellite images of Israel and neighboring territories during the day  and night,Unitary_state,,Arabic,Naftali_Bennett,List_of_Knesset_speakers,,,,,260,2,3,,Israel,,Centered blue star within a horizontal triband,20770,8019,972,.il,State of Israel,ILS,dd-mm-yyyy,right,Admission to the,4.11E+11,44474,2020,3.72E+11,40336,2020,34.8,,2018,0.919,increase,19,2019,,Hatikvah,,Modern_Hebrew,,2.71,7412200,2008,35,,,,Flag_of_Israel.svg?width=300,Israel__HistoricalEvent__3,Modern_Standard_Arabic,Israel__PersonFunction__4,.il,146498911,0.919,target,20770,,,,Israel?oldid=1041578727&ns=0,360573,972,2.71,34.8,Israel,POINT(35 31.783332824707),default.aspx,Emblem,,,,,,,,,,,,,Q801,,,,,,,,,,,,,,,,,,,,,,,,,,,,,,,,,,,,,,,,,,,,,,,,,,,,,,,,,,Druze_in_Israel,,,,,,,,,727,,,,,,,,2019,20770,,,,,,,99,99,,,,,,19,31,,Arab_citizens_of_Israel,,,,,,,,,,,,,,,,34,,Recognized languages,,2019,,,fn,,1949,,51,,,,"""Therefore I believe that a wonderous generation of Jews will spring into existence. The Maccabaeans will rise again. Let me repeat once more my opening words: The Jews wish to have a State, and they shall have one. We shall live at last as free men on our own soil, and die peacefully in our own home. The world will be freed by our liberty, enriched by our wealth, magnified by our greatness. And whatever we attempt there to accomplish for our own welfare will react with beneficent force for the good of humanity.""",,,,48,,,,,,,,,Israel,,,,,,,,,,,,,,,,,,,,,,,,,,,,,,,,,,,,,,,,,,,,,,,,,,,,,,,,,,,Portal:Israel,,,,,,,,,,,,,,,,,,,,,,,,,,,,,,,,,,,,,,,,,,,,,,,1731,Category:Israel,Help:Multilingual support,Hebrew and Arabic text,Centered menorah surrounded by two olive branches,Location of Israel  on the globe.,IL,IL,,,,,,,,,,,,,,,,,,,,,,,,,,,,,,,,,,,,,,,,,,,,,,,,,,,,,,,,,,,,,,,,,,,,,,,,,,,,,,,,,,,,,,,
25,71,Italy,Italian_Parliament,,Rome,Euro b,capital,Italian_language,Italian Republic,17039-2,43,12.4833,14532,1041621948,Republic,History_of_Italy,Central_European_Summer_Time,43.0 12.0,Central_European_Time,right,,20-Mar,Italian,vertical,1/1/1958,"A Ferrari 488 Pista  and a Lamborghini Hurácan . Italy maintains a large automotive industry, and is the world's seventh largest exporter of goods.",Unitary_state,,Languages_of_Italy,Roberto_Fico,,201.3,"Who are the other 730,000 followers of Indian faiths?",,Religion in Italy in 2017,400,1,2,,Italy,,,301340,116347,+39c,.itd,Italian Republic,EUR,,right,Founded the EEC,2.11E+12,34997,2021,2.61E+12,43376,2021,32.8,decrease,2019,0.892,increase,29,2019,,"""The Song of the Italians""center",,Italiana,,1.24,59433744,2011,63,521.5,60317116,2020,Flag_of_Italy.svg?width=300,Italy__HistoricalEvent__4,Languages_of_Italy,Italy__PersonFunction__4,.it,152361066,0.892,target,301340,,201.3522757,60317116,Italy?oldid=1041621948&ns=0,363679,+39c,1.24,32.8,Italy,POINT(12.483333587646 43),en,Emblem,,,,,,,,,,,,,Q38,,,,,,,,,,,,,,,,,,,,,,,,,,,,,,,,,,,,,,,,,,,,,,,,,,,,,,,,,,,,,,,,,,,500,,,,,,,,2017,"German is co-official in South Tyrol and Friuli Venezia Giulia; French is co-official in the Aosta Valley; Slovene is co-official in the province of Trieste, the province of Gorizia, and Friuli Venezia Giulia; Ladin is co-official in South Tyrol, in Trentino and in other northern areas; Friulian is co-official in Friuli Venezia Giulia; Sardinian is co-official in Sardinia.","Before 2002, the Italian lira. The euro is accepted in Campione d'Italia but its official currency is the Swiss franc.","To call Campione d'Italia, it is necessary to use the Swiss code +41.","The .eu domain is also used, as it is shared with other European Union member states.",,,,23,23,,,,,,25,8,,Italians,,,#ddd,,Senate_of_the_Republic_(Italy),Map,,,,,left,,,,,29,,Native languages,Chamber_of_Deputies_(Italy),2020,Chamber_of_Deputies_(Italy),,,,,,13,,,,,,,,,,,,,,,,,,,,,,,,,,,,,,,,,,,,,,,,,,,,,,,,,,,,,,,,,,,,,,,,,,,,,,,,,,,,,,,,,,,,,,,,,,,,,,,,,,,,,,,,,,,,,,,,,,,,,,,,,,,335,,,,,,,,2,,,,,,,,,,,,,,,,,,,,,,,,,,,,,,,,,,,,,,,,,,,,,,,,,,,,,,,,,,,,,,,,,,,,,,,,,,,,,,,,,,,,,,
26,9,Kazakhstan,Parliament_of_Kazakhstan,Menıñ_Qazaqstanym,Nur-Sultan,Kazakhstani_tenge,Almaty,Kazakh_language,Republic of Kazakhstan,17496-2,51.1667,71.4333,16642,1041657961,Country,History_of_Kazakhstan,,51.166666666666664 71.43333333333334,Time_in_Kazakhstan,,,9/29/2011,Kazakhstani,,,,Unitary_state,,Cyrillic,Mäulen_Äşimbaev,Security_Council_of_Kazakhstan,7,"COI, SPA sanitation and other disruptive and POV issues. Feel free to reduce, but I don't see an end, thus the long term protection.",,"Religion in Kazakhstan, 2010",,11,,,,,,2724900,1052085,"+7-6xx, +7-7xx",,Republic of Kazakhstan,KZT,,right,Reconstituted as the Republic of Kazakhstan,1.79E+11,9686,2020,5.70E+11,30178,2020,27.5,increase,2017,0.825,increase,51,2019,Official scripts,Menıñ Qazaqstanym,,Kazakh_language,,1.7,,,236,18,18711560,2020,Flag_of_Kazakhstan.svg?width=300,Kazakhstan__HistoricalEvent__9,Kazakh_alphabets,Kazakhstan__PersonFunction__5,.қаз,124906451,0.825,target,2724900,,6.949838854,18711560,Kazakhstan?oldid=1041657961&ns=0,233580,"+7-6xx, +7-7xx",1.7,27.5,Kazakhstan,POINT(71.433334350586 51.166667938232),,Emblem,,,,,,,,,,,,,,,,,,,,,,,,,,,,,,,,,,,,,,,,,,,,,,,,,,,,,,,,,,,,,,,,,,,,,,,,,,,,,,,,,,,,,,,,2020,,,,,,,,64,64,UNESCO,,,UNESCO Publishing,235406e.pdf,69,55,365,Kazakhstan_Germans,,,#ddd,,Senate_of_Kazakhstan,,,,,,right,,,,,53,,Co-official,Mazhilis,,Senate_of_Kazakhstan,,,,,,41,,,,,,,,,yes,,,,,,,,,,,,,,,,,,,,,,,,,,,,,,,,,,,,,,,,,,,,,,,,,,,,,,,,,,,,,,,,,,,,,,,,,,,,,,,,,,,,,,,,,,,,,,,,,,,,,,,,,,,,,,,,,,,,,,,,,,,yes,CC BY-SA IGO 3.0,yes,,,,,,,,,,,,,,,,,,,,,,,,,,,,,,,,,,,,,,,,,,,,,,,,,,,,,,,,,,,,,,,,,,,,,,,,,,,,,,,,,,,
27,171,Kosovo,Assembly_of_the_Republic_of_Kosovo,Europe_(anthem),a,Euro b,capital,Albanian_language,Republic of Kosovo,i83176,42.6667,21.1667,17391,1040766052,Territory,,Central_European_Summer_Time,42.583333333333336 21.0,Central_European_Time,right,,19-Nov,"Kosovar, Kosovan",,4/19/2013,Rita Ora was born in Pristina to Albanian parents.  Rona Nishliu represented Albania at the 2012 Eurovision Song Contest where she finished 5th.,Unitary_state,,,Vjosa_Osmani,Prime_Minister_of_Kosovo,159,Citation is an opinion piece.,,Religion in Kosovo,230,1,2,,y,,,10887,4212,Telephone_numbers_in_Kosovo,.xk,Republic of Kosovo,EUR,dd.mm.yyyy,Right-_and_left-hand_traffic,"Kosovo Vilayet and
 Independence from Ottoman Empire",8.40E+09,4649,2020,2.35E+10,13017,2020,29,increase,2017,0.742,increase,,2016,Regional languages,File:National Anthem of the Republic of Kosovo.ogg,,,,1,,2011,,412,1935259,2021,Flag_of_Kosovo.svg?width=300,Kosovo__HistoricalEvent__8,Turkish_language,Kosovo__PersonFunction__3,.xk,132423103,0.742,,10909.02992,,159.0740893,1935259,Kosovo?oldid=1040766052&ns=0,210121,383,1,29,Kosovo,POINT(21.166666030884 42.666667938232),,Emblem,,,,,,,,,,,,,,,,,,,,,,,,,,,,,,,,,,,,,,,,,,,,,,,,,,,,,,,,,,,,,,,,,,,,,,,Christianity_in_Kosovo,,,,,,,,,900,,,,,,,,2005,Pristina is the official capital. Prizren is the historic capital of Kosovo.,Adopted unilaterally; Kosovo is not a formal member of the eurozone.,"XK is a ""user assigned"" ISO 3166 code not designated by the standard, but used by the European Commission, Switzerland, the Deutsche Bundesbank and other organisations. However, ISO 3166-2:RS-KM remains in use.",,,,,152,152,,,,,,,,,Turks_in_Kosovo,,,#ddd,,,,,,,,right,,,,,,,,,2011,,,,,Location in Europe,,,,,,,,Religion,Percent,121,,,,,,,,,y,,,,,,,,,,,,y,,,,,,,,,,,,,,,,,,,,,,,,,,,,,,,,,,,,,,,,,,,,y,,,,,,,,,,,,,,,,,,,,,,,,,,,y,,,,,,,,,,,,,,,,,,,,,,,,,,,,,XK,XK,,,,,y,"Disputed
* Recognised by 97 out of 193 member states of the United Nations
* Claimed by Serbia as the Autonomous Province of Kosovo and Metohija",Emblem of Kosovo,y,,,,,,,,,,,,,,,,,,,,,,,,,,,,,,,,,,,,,,,,,,,,,,,,,,,,,,,,,,,,,,,,,,,,,,,,,,,,,,,
28,85,Kyrgyzstan,Supreme_Council_(Kyrgyzstan),National_Anthem_of_the_Kyrgyz_Republic,Bishkek,Kyrgyzstani_som,capital,Kyrgyz_language,Kyrgyz Republic,17497-0,42.8667,75,170131,1041619708,Country,History_of_Kyrgyzstan,,41.0 75.0,Kyrgyzstan_Time,left,,,Kyrgyz,horizontal,,,Unitary_state,,Russian,Talant_Mamytov,List_of_Chairmen_of_the_Supreme_Council_of_Kyrgyzstan,27.4,,,Kyrgyzstan,200,6,,,Kyrgyzstan,,,199951,,Telephone_numbers_in_Kyrgyzstan,.kg,Kyrgyz Republic,KGS,,right,Yenisei_Kyrgyz_Khaganate,8.46E+09,1309,2019,3.53E+10,5470,2019,27.7,increase,2018,0.697,increase,120,2019,,File:Kyrgyzstan_(instrumental).ogg,,Kyrgyz_language,,3.6,5362800,2009,176,71,6586600,2020,Flag_of_Kyrgyzstan.svg?width=300,Kyrgyzstan__HistoricalEvent__7,Russian_language,Kyrgyzstan__PersonFunction__3,.kg,148476223,0.697,target,199951,,27.41325326,6586600,Kyrgyzstan?oldid=1041619708&ns=0,113819,996,3.6,27.7,Kyrgyzstan,POINT(75 42.866664886475),,Emblem,,,,,,,,,,,,,Q813,,,,,,,,,,,,,,,,,,,,,,,,,,,,,,,,,,,,,,,,,,,,,,,,,,,,,,,,,,Christianity,,,,,,,,,,,,,,,,,2019,,,,,,,,110,110,,,,,,158,141,,Turkish_people,,,#ddd,,,Sooronbay Jeenbekov,,,,,right,,,,,134,,Co-official,,,,,,,,,127,,,,,,,,,yes,,,,,,,,,,,,,,,,,,,,,,,,,,,,,,,,,,,,,,,,,,,,,,,,,,,,,,,,,,,,,,,,,,,,,,,,,,,,,,,,,,,,,,,,,,,,,,,,,,,,,,,,,,,,,,,,,,,,,,,,KG,KG,,,,,,,,,,,,,,,,,,,,,,,,,,,,,,,,,,,,,,,,,,,,,,,,,,,,,,,,,,,,,,,,,,,,,,,,,,,,,,,,,,,,,,,
29,122,Latvia,Saeima,"Dievs,_svētī_Latviju!",Riga,Euro,capital,Latvian_language,Republic of Latvia,17476-1,57,25,17514,1041579380,Country,History_of_Latvia,Eastern_European_Summer_Time,57.0 25.0,Eastern_European_Time,right,,19-Sep,Latvian,vertical,5/1/2004,,Unitary_state,,,Egils_Levits,Speaker_of_the_Saeima,29.6,please clarify the relationships among these institutions throughout,,Residents of Latvia by ethnicity,,2,3,,,,Flag of Latvia,64589,24938,Telephone_numbers_in_Latvia,.lvc,Republic of Latvia,EUR,,right,Joined the EU,3.77E+10,19824,2021,6.35E+10,33393,2021,35.2,decrease,2019,0.866,increase,37,2019,,"Dievs, svētī Latviju!",,Latviana,,2.09,2070371,2011,147,77,1907675,2020,Flag_of_Latvia.svg?width=300,Latvia__HistoricalEvent__5,,Latvia__PersonFunction__3,.lv,125422131,0.866,target,64589.1235,,29.6,1907675,Latvia?oldid=1041579380&ns=0,180217,371,2.09,35.2,Latvia,POINT(25 57),en,,,,,,,,,,,,,,,,,,,,,,,,,,,,,,,,,,,,,,,,,,,,,,,,,,,,,,,,,,,,,,,,,,,,,,,,,,,,,,,,,220,,,,,,,,2019,Latvian is the sole official language. Livonian is considered an indigenous language and has special legal status. Latgalian written language and Latvian Sign Language also have special legal status.,-7,"The .eu domain is also used, as it is shared with other European Union member states.",,,,,147,147,,,,,,,,,Ukrainians,,,,,,,,,,,right,,,,,,,,,,,,,,,,,,,"from Germany, but later from Soviet Union",,,,,,,,,,,,,,,,,,,,,,,,,,,,,,,,,,,,,,,,,,,,,,,,,,,,,,,,,,,,,,,,,,,,,,,,,,,,,,,,,,,,,,,,,,,,,,,,,,,,,,,,,,,,,,,,,,,,,,,,,,,,Coat of arms of Latvia,,,,,,,,,,,,,,,,,,,,,,,,,,,,,,,,,,,,,,,,,,,,,,,,,,,,,,,,,,,,,,,,,,,,,,,,,,,,,,,,,,,,,,,,,,
30,189,Liechtenstein,Landtag_of_Liechtenstein,Oben_am_jungen_Rhein,Vaduz,Swiss_franc,Schaan,German_language,Principality of Liechtenstein,16824-2,47.15,9.55,17810,1039382212,,Independence as principality,Central_European_Time,47.15 9.55,Central_European_Time,,,,Liechtensteiner,,1866-08-23,,Unitary_state,,,Hans-Adam_II,Prince_of_Liechtenstein,,,,Geographic locale,,+01:00,120,,Liechtenstein,,,160,61,Telephone_numbers_in_Liechtenstein,.li,Principality of Liechtenstein,CHF,,right,Vaduz and,5.16E+09,143151,2010,,98432,2013,,,,0.919,increase,19,2019,,Oben am jungen Rhein,"""Für Gott, Fürst und Vaterland""",German_language,,2.7,,,,,38896,,Flag_of_Liechtenstein.svg?width=300,Liechtenstein__HistoricalEvent__3,,Liechtenstein__PersonFunction__3,.li,133694435,0.919,target,157.9892747,"""Für Gott, Fürst und Vaterland""",,38896,Liechtenstein?oldid=1039382212&ns=0,82010,423,2.7,,Liechtenstein,POINT(9.5500001907349 47.150001525879),,,,,,,,,,,,,,,Q347,,,,,,,,,,,,,,,,,,,,,,,,,,,,,,,,,,,,,,,,,,,,,,,,,,,,,,,,,,Catholic_Church_in_Liechtenstein,,,,,,,,,,,,,,,,,,,,,,,,,,,Constitution_of_Liechtenstein,,,,,1,147,,,,,,,,,,,,,,,,,,3,,,,2015,,,,,,,149,,,,,,,,,,,,,,,,,no,,,,,,,,,,,,no,,no,,,,,,,,,,,,,,,,,,,,,,,,,,,,,,,,,,,,,,,,,,Category:Liechtenstein,,,Portal:Liechtenstein,,,,,,,,,,,,,,,,,,,,,,,,The Catholic Church is the State Church and as such shall enjoy the full protection of the State,,,,,,,,,,,,,,,,,,,,,,,,,,,,,,,,,,,,,,Liechtenstein,Schaan,municipality,,,,,,,,,,,,,,,,,,,,,,,,,,,,,,,,,,,,,,,,,,,,,,,,,,,,,,,,,,,,,,,,,,,,,,,,,,,,,
31,121,Lithuania,Seimas,Tautiška_giesmė,Vilnius,Euro,capital,Lithuanian_language,:Lithuania,17477-6,54.6833,25.3167,17675,1041092717,Country,History_of_Lithuania,Eastern_European_Summer_Time,54.68333333333333 25.316666666666666,Eastern_European_Time,right,,,Lithuanian,vertical,5/1/2004,Lithuanian bajoras and artillery expert Kazimieras Simonavičius developed and popularized the concept of a multistage rocket,Unitary_state,,,Ingrida_Šimonytė,List_of_rulers_of_Lithuania,43,,,Residents of Lithuania by religion,600,2,3,,,,Flag of Lithuania,65300,25212,Telephone_numbers_in_Lithuania,.lta,Republic of Lithuania,EUR,yyyy-mm-dd,right,Coronation of Mindaugas I,5.60E+10,22752,2021,1.07E+11,41288,2021,35.4,decrease,2019,0.882,increase,34,2019,,Tautiška giesmė,,Lithuanian_language,,1.98,,,138,111,2784279,2021,Flag_of_Lithuania.svg?width=300,Lithuania__HistoricalEvent__9,,Lithuania__PersonFunction__3,.lt,,0.882,target,65300,,43,2784279,Lithuania?oldid=1041092717&ns=0,302306,370,1.98,35.4,Lithuania,POINT(25.316667556763 54.683334350586),en,,9.4,1.5,5.5,42.9,31,-23,20.6,11.9,16.1,77,37.1,-2.9,,-0.1,-3.7,-1.7,47,15.6,-34,-1.3,-6.6,-3.5,30.1,16.5,-42.9,-1.7,-6.3,-3.9,36.2,12.6,-40.6,20.9,12.2,16.7,76.9,37.5,0.9,19.9,10.5,15.2,69,35.7,-2.8,Lithuania,2.3,-2.8,-0.1,33.9,21.8,-37.5,16.5,7,11.6,52,34,-6.8,yes,3.5,0.1,1.8,50.4,18.5,-23,9.9,4,7,49.9,26,-19.5,,,15.8,8.3,12.2,60.3,35.1,-6.3,yes,Records of Lithuanian climate,300,9.5,2.7,6.2,625.5,37.5,-42.9,,census 2019,"Also .eu, shared with other European Union member states.",,,,,,,142,142,,,,,,38,80,,Poles_in_Lithuania,,,#ddd,Statistics_Lithuania,,,Šilutė,,,Lithuania,right,580020,,Šiauliai CountyŠiauliai,County,34,"Vilnius Modern Skyline At Dusk, Lithuania - Diliff.jpg",,,2016,,,,,,,83,lietuva.lt,,,,,,,,,,,,,,,,,,,center,,,,,,,,,,,,,,,,,,,,,,,,,,,,,,,,,,,,,,,,,,,,,,,,,,,,,,,,,,,,,,,,,,,,,,,,,,,,,,,,,,,,,,,,,,,,,,,,,,,,,,,,,,,Coat of arms of Lithuania,,,,,,,,,,,,,,center,yes,Counties of LithuaniaCounty,,,,,,,,,,,,,,,,,,,,,,,,,,,,,,,,,,,,,,,,,,,,,,,,,,,,,,,,,,,,,,,,,,,,,,,,,,
32,167,Luxembourg,Chamber_of_Deputies_(Luxembourg),Ons_Heemecht,Luxembourg_City,Euro,capital,Luxembourgish,Luxembourg,17198-3,49.8144,6.13167,17515,1041604101,Country,Independence,Central_European_Summer_Time,49.81444444444445 6.131666666666667,Central_European_Time,center,,,Luxembourger,,1/1/1958,,Unitary_state,,,,Co-Deputy Prime Ministers,242,,,,600,1,2,,,,,2586.4,998,Telephone_numbers_in_Luxembourg,.lub,Grand Duchy of Luxembourg,EUR,yyyy,right,from the French Empire and elevation to Grand Duchy of Luxembourg,6.95E+10,113196,2019,6.68E+10,112045,2020,32.3,increase,2019,0.916,increase,23,2019,,"""Ons Heemecht""",,German,,0.23,512353,2011,58,602.8,633622,21-Mar,Flag_of_Luxembourg.svg?width=300,Luxembourg__HistoricalEvent__7,,Luxembourg__PersonFunction__3,.lu,134398983,0.916,target,2586.4,,232.7423812,633622,Luxembourg?oldid=1041604101&ns=0,122500,352,0.23,32.3,Luxembourg,POINT(6.1316666603088 49.814445495605),,,,,,,,,,,,,,,,,,,,,,,,,,,,,,,,,,,,,,,,,,,,,,,,,,,,,,,,,,,,,,,,,,,,,,,,,,,,,,,,,,,,,,,,,,,Not the same as the Het Wilhelmus of the Netherlands.,"The .eu domain is also used, as it is shared with other European Union member states.",,2,,,,168,168,,,,,,1,69,,,,,,,,,,,,,,,,,,2,,,,2018,,,,Partitions and Cantons of Luxembourg,,,99,,,,,,,,19,,,,,,,,,,,,,,,,,,,,,,,,,,,,,,,,,,,,,,,,,,,,,,,,,,,,,,5,,,,,,,,,,,,,,,,,,,,,,,,,,,,,,,line,,,,,,,Interactive map showing the border of Luxembourg,,,,,,,,,,,,,,,,,,,,,,,,,,,,,,,,,,,,,,,,,,,,3,yes,265,"""De Wilhelmus""a",,,,,,,,,,,,,,,,,,,,,,,,,,,,,,,,,,,,,,,,,,,,,,,,,,,,,,,,,,,,,,,,,,,,,,
33,185,Malta,Parliament_of_Malta,,Valletta,Euro,St._Paul's_Bay,English_language,Republic of Malta,17013-6,35.9,14.5167,19137,1041643039,Country,Independence,Central European Summer Time,35.9 14.516666666666667,Central European Time,,DeepSkyBlue,13-Oct,Maltese,,12/13/1974,,Unitary_state,Other Christians,Maltese_Italian,George_Vella,Prime_Minister_of_Malta,1633,,right,,,1,2,83,,,,316,122,356,.mt,Republic of Malta,EUR,yyyy,left,Republic,1.51E+10,32021,2019,$22.802  billion,48246,2019,28,decrease,2019,0.895,increase,28,2019,,center,,"Maltese, English",,0.001,,2011,4,4231,,2019,Flag_of_Malta.svg?width=300,Malta__HistoricalEvent__2,Maltese_Italian,Malta__PersonFunction__2,.mt,234128322,0.895,target,315.9785495,,1633.598233,514564,Malta?oldid=1041643039&ns=0,248762,356,0.001,28,Malta,POINT(14.516666412354 35.900001525879),,,19.8,12.4,16.1,20.7,,,31.8,22.6,27.2,12.8,,,,17.1,11.6,14.4,109.2,,,15.6,9.4,12.5,60.1,,,15.6,9.9,12.8,98.5,,,31.5,21.7,26.6,0.3,,,28.6,19.1,23.9,4.6,,,Malta,17.3,10.6,13.9,44.2,,,24.1,15.5,19.8,16,,,yes,20.7,14.6,17.7,92.3,,,25,18.1,21.5,82.9,,,,Religion_in_Malta,28.5,20.8,24.7,58.6,,,yes,"Meteo Climate , MaltaWeather.com",80,23,15.5,19.3,595.8,,,,2019,Languages other than the mother tongue of Maltese,Maltese nationals as referred to in the 2011 census,"Also .eu, shared with other European Union member states",Also Maltese Sign Language,,,,173,173,,,,,,,,,Maltese_people,,Sovereign_Military_Order_of_Malta,,,,,,,,,,,,,,,,Other language,,2019,,,,,,,,,,from the United Kingdom,,,,,15,,,,,,3054,,,,,,,,,,,,,,,,,,253.8,,352.2,161.2,178.1,,169.3,376.7,336.9,,227.2,309.7,195,223.8,,,,,,270,,,,,,,,,,,,,,,,,,,,,,,,,,,,,,,,,,,,,,,,,,,,,,,,,,,,,,,,,,,,,,,,,,,,,,,,,,,,,,,,,,,,,,,,St._Paul's_Bay,town,,,,,,,,4,1,10,7,10,0,1,5,1,9,6,4,1,58,"Paul the Apostle, Saint Publius, and Agatha of Sicily",,,,,,,,,,,,,,,,,,,,,,,,,,,,,,,,,,,,,,,,,,,,,,,,,,,,,,,
34,135,Moldova,Parliament_of_the_Republic_of_Moldova,Limba_noastră,Chișinău,Moldovan_leu,capital,Romanian_language,Republic of Moldova,17480-3,47,29,19260,1041654664,Country,History_of_Moldova,Eastern_European_Summer_Time,47.0 28.916666666666668,Eastern_European_Time,right,,,Moldovan,vertical,-19,"Built during the reign of Stephen the Great , several authors believed the Soroca Fort was constructed on the site of a former Genoese fortress named Olhionia.",Unitary_state,,,Igor_Grosu,President_of_Moldova,85.5,,,Geographic locale,300,2,3,,,,,33843.5,13067,Telephone_numbers_in_Moldova,.md,Republic of Moldova,MDL,,right,Constitution adopted,1.20E+10,4638,2021,3.59E+10,13879,2021,25.7,decrease,2018,0.75,increase,90,2019,,File:Imnul Republicii Moldova US NAVY.ogg,,Romanian,,1.4,,,125,234,2597100,1/1/2021,Location_Moldova_Europe.png?width=300,Moldova__HistoricalEvent__9,Ukrainian_language,Moldova__PersonFunction__3,.md,152364951,0.75,target,33843.5,,90.3479051,2597100,Moldova?oldid=1041654664&ns=0,178477,373,1.4,25.7,Moldova,POINT(28.916666030884 47),,,,,,,,,,,,,,,,,,,,,,,,,,,,,,,,,,,,,,,,,,,,,,,,,,,,,,,,,,,,,,,,,,,,,,,,,Christians,,,,,,,,,170,,,,,,,75.1,2014,"As determined by the Moldovan Declaration of Independence, which the Constitutional court of Moldova found to take precedence over Article 13 of the Constitution, which uses the name ""Moldovan"".",Date of proclamation. Independence subsequently finalized with the dissolution of the USSR in December 1991.,,,,,,138,138,,,,,,123,144,,Ukrainians,,,#ddd,,,,,,,,right,,,,,118,,Recognised minority,,2014,,,,,and its uncontrolled territory of Transnistria,,134,,,,,,Religion,Percent,,,Including Transnistria,,,,,,,,,,left,,,,,,,,,,,,,,,,,,,,,,,,,,,,,,,,,,,,,,,,,,,,,,,,,,,,,,,,,,,,,,,,,,,,,,,,,,,,,,,,,,,,,,,,,,,,,,,,,,,,,,,,,,,,,,,,,,,,,,,,,,,,,,,,,,,,,,,,,,,,,,,,,,,,,,,,,,,,,,,,,,,,,,,,,,,,,,,,,,,,,,,,,,,,,,,,,,,,,
35,193,Monaco,National_Council_(Monaco),Hymne_Monégasque,,Euro,Monte_Carlo,French_language,Principality of Monaco,17014-4,43.7333,7.41667,19261,1041523510,Microstate,Independence,Central_European_Summer_Time,43.733333333333334 7.416666666666667,Central_European_Time,,#DC64DC,10-Sep,Monégasque,,1/5/1911,,Unitary_state,[[#Population,,Pierre_Dartout,Monarchy_of_Monaco,18713,'Biothermics' do not appear in the linked page. As far as I can tell it's a brand rather than a sector. Biotherm is a subsidiary of L'Oréal who made skin care products in Monaco until 2011: was this talking about them?,right,Geographic locale,,1,2,86,,,,2.02,1.26,Telephone_numbers_in_Monaco,.mc,Principality of Monaco,EUR,,Driving_side,from occupation of the Sixth Coalition,7.19E+09,185741,2018,7.67E+09,115700,2015,,,,,,,,,File:Monaco National Anthem.ogg,,French_of_France,,negligible,37308,2016,1,48462,38300,2019,Flag_of_Monaco.svg?width=300,Monaco__HistoricalEvent__5,Occitan_language,Monaco__PersonFunction__2,.mc,130909670,,target,3.263385019,"""With God's Help""",18713,38300,Monaco?oldid=1041523510&ns=0,142084,377,,,Monaco,POINT(7.4166665077209 43.733333587646),,,16.7,10.9,13.8,71.3,26.2,3.8,26.9,21.4,24.2,26.5,34.5,12.4,,13.9,8.5,11.2,88.8,22.3,-1,13,7.4,10.2,48.4,23.2,-5.2,13,7.4,10.2,67.7,19.9,-3.1,26.6,21,23.8,13.7,34.4,10.5,23.7,18,20.9,32.6,32.5,9,Monaco,14.9,9.1,12,41.2,25.6,-3.1,20.4,14.6,17.5,49,30.3,7.5,yes,16.5,11.2,13.8,103.2,25,1.6,20.6,15.2,17.9,128.7,29,6.5,,Catholic_Church_in_Monaco,24,18.3,21.1,72.5,33.1,10.5,yes,Monaco website,,19.2,13.6,16.4,743.6,34.5,-5.2,,,"Government offices are however, located in the Quartier of Monaco-Ville.",GDP per capita calculations include non-resident workers from France and Italy.,Monacan is the term for residents.,,,,,190,190,,,,,,1,145,,Demographics_of_Monaco,,,,,,,,,,,,,,,,3,,Lingua_franca,,,,,,,,,158,,,,,,,,,,,,,,2574.7,,,,,,,,,,,,,,,,,,210,,296.7,136.5,158.9,,149.8,329.3,281.1,,185.5,248.1,155.2,199,,,,,,224.7,,,,,,,,,,,,,,,,,,,,,,,,,,,,,,,,,,,,,,,,,,,,,,,,,,,,,,,,,,,,,,,,,,,,,,,,,,,,,,,,,yes,,,,,,,Monte_Carlo,quarter,,,,,,,,7.3,2.5,6.5,4.9,6,1.7,4.1,4.5,5.5,7.1,7.3,5.1,1,62.4,,20,,,,,,,,,,,,,,,,,,,,,,,,,,,,,,,,,,,,,,,,,,,,,,,,,,,,,,
36,156,Montenegro,Parliament_of_Montenegro,,Podgorica,Euro a,capital,Montenegrin_language,Montenegro,i83178,42.7833,19.4667,20760,1041265888,State,History_of_Montenegro,Central_European_Summer_Time,42.5 19.3,Central_European_Time,,,,Montenegrin,,2006,Left: Petar I Petrović-Njegoš was the most popular spiritual and military leader from the Petrović dynasty.,Unitary_state,,,Milo_Đukanović,President_of_the_Parliament_of_Montenegro,45,,,Languages,,1,2,,,,,13812,,Telephone_numbers_in_Montenegro,.me,Montenegro,EUR,dd.mm.yyyy.,right,Lordship_of_Zeta,"$4,9 billion",7933,2020,$12  billion,19931,2020,34.1,decrease,2019,0.829,increase,48,2019,Languages in official use,"""",,Montenegrin_language,,2.6,,2011,133,124,621873,2020,Flag_of_Montenegro.svg?width=300,Montenegro__HistoricalEvent__9,Albanian_language,Montenegro__PersonFunction__3,.me,149551124,0.829,,13812,,47.87666766,621873,Montenegro?oldid=1041265888&ns=0,118661,382,2.6,34.1,Montenegro,POINT(19.299999237061 42.783332824707),homepage,,,,,,,,,,,,,,,,,,,,,,,,,,,,,,,,,,,,,,,,,,,,,,,,,,,,,,,,,,,,,,,,,,,,,,,,,,,,,,,,,150,,,,,,,,2011,Adopted unilaterally; Montenegro is not a member of the Eurozone.,,,,,,,169,169,,,,,,73,153,,Demographics_of_Montenegro,,,,,,,,,,,,,,,,63,,,,2011,,,,,,,149,,,,,,,,,,,,,,,,,,,,,,,,,,,,,,,,,,,,,,,,,,,,,,,,,,,,,,,,,,,,,,,,,,,,,,,,,,,,,,,,,,,,,,,,,,,,,,,,,,,,,,,,,,,,,,,,,,,,,,,,,,,,,,,,,,,,,,,,,,,,,,,,,,,,,,,,,,,,,,,,,,,,left,,,,,,,,,,,,,,,,,,,,,,,,,,,,,,,,,,,,,,,,,,,,,,,,,,,,,
37,131,,States_General_of_the_Netherlands,,Amsterdam,US dollar,capital,Dutch_language,Netherlands,17433-5,52.3667,4.88333,21148,1040276413,,Independence,,52.36666666666667 4.883333333333333,,right,Grey,20-Aug,Dutch,horizontal,10/10/2010,,Unitary_state,Other,,Willem-Alexander_of_the_Netherlands,Monarchy_of_the_Netherlands,423,"poor referencing, style issues",right,Provinces of Netherlands,350,,,54.1,,,,41865,,"+31, +599",".nl, .bq",Netherlands,,dd-mm-yyyy,right,Kingdom established,1.01E+12,58003,2021,1.06E+12,60461,2021,27.5,increase,2020,0.944,increase,8,2019,6,"""William of Nassau""","""I will maintain""",Dutch_language,,18.41,16655799,2011,16,,,,Flag_of_the_Netherlands.svg?width=300,Netherlands__HistoricalEvent__6,English_in_the_Netherlands,Netherlands__PersonFunction__4,.nl,156652814,0.944,target,41865,"""I will maintain""",423,,Netherlands?oldid=1040276413&ns=0,269744,"+31,+599",18.41,27.5,Netherlands,POINT(4.8833332061768 52.366664886475),english,Coat_of_arms_of_the_Netherlands,14.8,4.5,9.8,41.6,32.2,-9.4,22.9,12.5,17.9,83.6,38.6,1.3,,6.7,1.6,4.2,83.8,17.8,-22.3,7,0.7,3.9,63.1,20.5,-26.8,6.1,0.9,3.6,70.8,17.2,-27.4,23.1,13,18.3,85.2,40.7,0.7,20.9,10.8,16.2,70.5,38.4,-1.2,"De Bilt , all KNMI locations , snowy days: .",10.5,2.4,6.5,57.8,25.6,-20.7,18.3,8,13.4,59.3,35.6,-5.4,Yes,9.9,3.9,7,80,22,-14.4,14.8,7.1,10.9,81.1,30.1,-8.5,green,,19.5,10,14.7,77.9,35.1,-3.7,Yes,KNMI.nl,152,14.5,6,10.5,854.7,40.7,-27.4,,2020,,,,,,,,67,67,,,,,,12,17,,Surinamese_people_in_the_Netherlands,,,,,Senate_(Netherlands),,,,,,center,,,,,11,,Regional,House_of_Representatives_(Netherlands),2019,House_of_Representatives_(Netherlands),,,,,,27,,,,,,,,,yes,,,Sovereign state,,1714.6,,,,,,,,,,,,,,,,,,189.2,,196.3,55.5,89.6,,66.6,213.9,207.1,,139.4,217.5,67.4,119.3,,,,,,152.8,,,,,,,,,,,9,230,,,,,,,,,,,,,,,,,,,,,,,,,,,The Hague,Government seat,,,The_Hague,,,,,,,,,,,,,,,,,,,,,,,,,,,,,,,,,,,NL,NL,2,,,yes,,,,,,,,,,,,,,12,15,19,16,18,15,14,15,14,19,16,14,0.1,186,,,,81,0,–,4,6,unl,5,–,–,3,-,Kingdom of the Netherlands,1,0,–,0,19,74,79,FALSE,110,89,84,Flag_of_the_Netherlands,87,77,75,79,74,89,86,83,TT001426971,,,,,,,,,,,,,,,,,,,,
38,145,North Macedonia,Assembly_of_North_Macedonia,,Skopje,Macedonian_denar,capital,Albanian_language,Republic of North Macedonia,,42,21.4333,23564616,1041576553,,Independence,Central_European_Summer_Time,42.0 21.433333333333334,Central_European_Time,right,DeepSkyBlue,,Macedonian,vertical,9/8/1991,"Church of St. Sophia, the first synod church of the Archbishopric of Ohrid . The Church of Saints Clement and Panteleimon . Both churches are located in Ohrid.",Unitary_state,Other Christian,,Zoran_Zaev,List_of_Presidents_of_the_Assembly_of_the_Republic_of_North_Macedonia,80.1,,left,Ethnic groups in 2002,,1,2,69.6,,,,25713,9779,Telephone_numbers_in_North_Macedonia,,Republic of North Macedonia,MKD,dd.mm.yyyy,right,1991_Macedonian_independence_referendum,1.24E+10,6143,2019,3.38E+10,16253,2019,30.7,decrease,2019,0.774,increase,82,2019,,File:Macedonia's_national_anthem_(instrumental).ogg,,,Saint Clement of Ohrid,1.9,2022547,2002,122,210.5,2077132,2019,,North_Macedonia__HistoricalEvent__1,,North_Macedonia__PersonFunction__3,.мкд,,0.774,,25713,,81.27450437,2077132,North_Macedonia?oldid=1041576553&ns=0,172378,389,1.9,30.7,North_Macedonia,POINT(21.433332443237 42),,National emblem,,,,,,,,,,,,,,,,,,,,,,,,,,,,,,,,,,,,,,,,,,,,,,,,,,,,,,,,,,,,,,,,,,,,,,,Catholic_Church_in_North_Macedonia,,,,,,,,,220,,,,,,,,2002,,,,,,,,148,148,,,,,,,,,Turks_in_North_Macedonia,,,#ddd,,,,,,,,right,,,,,,,,,2011,,,,,,,,,,from Yugoslavia,,,,,,,,,,,,,,,,,,,,,,,,,,,,,,,,,,,,,,,,,,,,,,,,,,,,,,,,,,,,,,,,,,,,,,,,,,,,,,,,,,,,,,,,,,,,,,,,,,,,,,,,,,,,,,,,,,,,,,,,,,,,,,MK,MK,,,,,,,,,,,,,,,,,,,,,,,,,,,,,,,,,,,,,,,,,,,,,,,,,,,,,,,,,,,,,,,,,,,,42,21.18,North Macedonia,left,yes,,,,,,,,,,,,,,,
39,61,Norway,Storting,"Ja,_vi_elsker_dette_landet",Oslo,Norwegian_krone,capital,Southern_Sámi,Svalbard,16985-6,61,10.6833,21241,1041669062,Monarchy,History_of_Norway,Central_European_Summer_Time,61.0 8.0,Central_European_Time,right,,,Norwegian,diagonal,6/7/1905,,Unitary_state,,,Harald_V_of_Norway,Storting,14,,,Articles related to Norway,280,1,2,,,,,385207,148718,Telephone_numbers_in_Norway,.nod,Kingdom of Norway,NOK,dd.mm.yyyy,right,Dissolution_of_the_union_between_Norway_and_Sweden,3.66E+11,67987,2020,3.50E+11,64856,2020,25.4,increase,2019,0.957,increase,1,2019,Recognised minority languages,"Ja, vi elsker dette landet",Nonea,,,5.32,,,213,36.26,5391369,2021,Flag_of_Norway.svg?width=300,Norway__HistoricalEvent__8,Scandoromani_language,Norway__PersonFunction__4,.no,156496743,0.957,target,385207,Nonea,14.00006427,5391369,Norway?oldid=1041669062&ns=0,236522,47,5.32,25.4,Norway,POINT(10.683333396912 61),,Coat of arms,,,,,,,,,,,,,,,,,,,,,,,,,,,,,,,,,,,,,,,,,,,,,,,,,,,,,,,,,,,,,,,,,,,,,,,Christianity,,,,,,,,,220,,,,,,,,,"The country has no official motto, but the oath from the 1814 Norwegian Constituent Assembly can be regarded as the closest unofficial equivalent:","Includes the mainland, Svalbard and Jan Mayen.",.,"Two more TLDs have been assigned, but are not used: .sj for Svalbard and Jan Mayen; .bv for Bouvet Island.",,,,118,118,,,,,,4,33,,Sámi_people,,,,,,,,,,,,,,,,6,,Official minority languages,,2019,,,note,,"Location of the Kingdom of Norway and its integral overseas territories and dependencies: Svalbard, Jan Mayen, Bouvet Island, Peter I Island, and Queen Maud Land",,49,,,,,,,,,,,,,65,,,,,,,,,,,,,,,,,,,,,,,,,,,,,,,,,,,,,,,,,,,,,,,,,,230,,,,,,,,,,,,,,,,,,,,,,,,,,,,,,,,,,,,,,,,,,,,,,,,,,,,,,,,,,,,,,,,,,,,,,,,,,Coat of arms of Norway,,,,,,,,,,King's Song,,,,,,,,,,,,,,,,,,,,,,,,,,,,,,,,,,,,,,,,,,,,,,,,,,,,,,,,,,,,,,,,,,,,,,
40,69,Poland,Parliament_of_Poland,Poland_Is_Not_Yet_Lost,Warsaw,Polish_złoty,capital,Polish_language,Republic of Poland,16826-5,52.2167,21.0333,22936,1041753993,Country,History_of_Poland,Central_European_Summer_Time,52.0 20.0,Central_European_Time,right,,12/3/2014,Pole,vertical,12/31/1989,,Unitary_state,,,,President_of_Poland,123,"restoring semi, full no longer needed",,Religions in Poland,,1,2,,,,,312696,120696,Telephone_numbers_in_Poland,.pl,Republic of Poland,PLN,yyyy,right,Christianization of Poland,6.42E+11,16930,2021,1.36E+12,35957,2021,28.5,increase,2019,0.88,increase,35,2019,,"""Mazurek Dąbrowskiego""",,Polish_language,,1.48,,,83,319.9,38268000,2020,Flag_of_Poland_(normative).svg?width=300,Poland__HistoricalEvent__8,,Poland__PersonFunction__2,.pl,141810140,0.88,target,312696,,123.5140805,38268000,Poland?oldid=1041753993&ns=0,317349,48,1.48,28.5,Poland,POINT(21.033332824707 52.216667175293),,,,,,,,,,,,,,,,,,,,,,,,,,,,,,,,,,,,,,,,,,,,,,,,,,,,,,,,,,,,,,,,,,,,,,,,,,,,,,,,,,400,,,,,,,,2011,,,,,,,,38,38,,,,,,44,22,,Poles,,,#ddd,,Senate_of_Poland,Saint Mary's Church in Kraków,,,,,right,,,,,39,,Recognised minority languages,Sejm,2019,Senate_of_Poland,,,Ballade form invented by Chopin.,,,19,,,,,,,,,,,,,,,,,,,,left,,,,,,,,,,,,,,,,,,,,,,,,,,,,,,,,,,,,,,,,,,,,,,,,,,,,,,,,,,,,,,,,,,,,,,,,,,,,,,,,Subcarpathian_Voivodeship,,,,,,,,,,,,,,,,,,,,,,,,,,,,,,,,yes,,,,,,,,,,,,,,,,,,,,,,,,,,,,,,,,,,,,,,,,,,,,,,,,,,,,,,,,,,,,,,,,,,,,,,,Inspired by poems of Adam Mickiewicz,"Frederic Chopin - mazurka no. 4 in a minor, op. 17.ogg",Flag of Poland .svg,no,right,400,0.94,0.975,15,Poland__Sound__1,,,,,
41,109,Portugal,Assembly_of_the_Republic_(Portugal),,Lisbon,Euro,Lisbon,,Portuguese Republic,17104-3,38.7667,-9.15,23033,1041623805,Country,History_of_Portugal,UTC,38.766666666666666 -9.15,Western_European_Time,right,,,Portuguese,vertical,-21,The 1755 Lisbon earthquake devastated Portugal with an estimated magnitude between 8.5 and 9.0.,Unitary_state,,Mirandese,,List_of_presidents_of_the_Assembly_of_the_Republic_(Portugal),112.2,,,Articles related to Portugal,320,,1,,Portugal,,,92212,57298,Telephone_numbers_in_Portugal,.pt,Portuguese Republic,EUR,yyyy,right,Portuguese_Constitution,2.57E+11,25065,2021,3.71E+11,36079,2021,31.9,decrease,2019,0.864,increase,38,2019,,File:Hino Nacional da Republica Portuguesa.ogg,,,,1.2,10347892,2021,,,,,Flag_of_Portugal.svg?width=300,Portugal__HistoricalEvent__9,Mirandese_language,Portugal__PersonFunction__3,.pt,153009195,0.864,target,148401.1387,,112.2,,Portugal?oldid=1041623805&ns=0,279183,351,1.2,31.9,Portugal,POINT(-9.1499996185303 38.766666412354),en.aspx,,,,,,,,,,,,,,Q45,,,,,,,,,,,,,,,,,,,,,,,,,,,,,,,,,,,,,,,,,,,,,,,,,,,,,,,,,,,,,,,,,,,5600,,,,,,,,2018,"Mirandese, spoken in some villages of the municipality of Miranda do Douro, was officially recognized in 1999 , awarding it an official right-of-use. Portuguese Sign Language is also recognized.",By country of citizenship,"Portuguese Constitution adopted in 1976 with several subsequent minor revisions, between 1982 and 2005.",,,,,89,89,,,,,,,,,Portuguese_people,,,#ddd,,,,,,,,right,,,,,,,Official language,,2011,,,,,,,,,,,,,,,,,,,,100,,,,,,,,,,,,,,,,,,,,,,,,,,,,,,,,,,,,,,,,,,,,,,,,,3600,,,,,,,,,,,,,,,,,,,,,,,,,,,,,,,,,,,,,,,,,,,,,,,,,,,,,,,,,,,,,3675,,,,,,,,2,,,,,,,,,,,,,,,,,,,,,,,,,,,,,,,,,,,,,,,,,,,,,,,,,,,,,,,,,,,,,,,,,,,,,,,,,,,,,,,,,,,,,,
42,81,Romania,Parliament_of_Romania,"Deșteaptă-te,_române!",Bucharest,Romanian_leu,capital,Romanian_language,Romania,RO,46,26.1,25445,1041605722,Republic,History_of_Romania,Eastern_European_Summer_Time,46.0 25.0,Eastern_European_Time,right,,,Romanian,horizontal,-4,"Noted athletes in the history of Romanian sports : Nadia Comăneci, Gheorghe Hagi, Simona Halep and Cristina Neagu",Unitary_state,,,Florin_Cîțu,Prime_Minister_of_Romania,80.4,,,Religion in Romania,400,2,3,,,,,238397,92043,Telephone_numbers_in_Romania,.rof,Romania,RON,dd.mm.yyyy,right,United Principalitiesb,2.89E+11,14968,2021,6.36E+11,32950,2021,33.8,decrease,2020,0.828,increase,49,2019,Recognised minority,"""Deșteaptă-te, române!""",,Romanian_language,Andrew_the_Apostle,3,20121641,2011,136,218.6,19186201,1/1/2021,Flag_of_Romania.svg?width=300,Romania__HistoricalEvent__9,Yiddish,Romania__PersonFunction__2,.ro,124251001,0.828,target,238397,,84.40193186,19186201,Romania?oldid=1041605722&ns=0,237722,40,3,33.8,Romania,POINT(26.10000038147 46),,,,,,,,,,,,,,,,,,,,,,,,,,,,,,,,,,,,,,,,,,,,,,,,,,,,,,,,,,,,,,,,,,,,,,,,,,,,,,,,,,,,,,,,,,2011,"A Vlach duke ruling Transylvania around 895, Gelou, is mentioned alongside Glad and Menumorut in the late 12th century Gesta Hungarorum ; a 1247 royal charter, known as the Diploma of the Joannites, mentions four Romanian keneziates  in Muntenia and Oltenia.",The double election of Alexandru Ioan Cuza in Moldavia and Wallachia .,"Independence proclaimed on 9 May 1877, internationally recognised in 1878.","Romania in the interwar period, following the proclamation of the union in 1918 including Bessarabia, Bukovina, Transylvania, parts of Banat, Crișana and Maramureș, established after the Paris Peace Conference closing World War I in 1920.","Monarchy was abolished on 30 December 1947 upon the proclamation of the People's Republic and was changed with the new constitution upon its adoption on 21 August 1965 as the Socialist Republic. The Communist regime fell on 22 December 1989, the new democratic government was installed on 20 May 1990 and the new post-communist constitution was adopted on 21 November 1991. Romania joined the European Union on 1 January 2007.","Also .eu, shared with other European Union member states.",,61,61,,,,,,56,47,,Romani_people_in_Romania,,,#ddd,,Senate_of_Romania,,,,,,right,,,,,44,,,Chamber_of_Deputies_(Romania),2011,Senate_of_Romania,17177-4,,,,,36,,,,,,Religion,Percentage,,,,,,,,,,,,,,,,,,,,,,,,,,,,,,,,,,,,,,,,,,,,,,,,,,,,,,,,,,,,,,,,,,,,,,,,,,,,,,,,,,,,,,,,,,,,,,,,,,,,,,,,,,,,,,,,,,,,,,,,,,RO,RO,2,,,,,,,,,,,,,,,,,,,,,,,,,,,,,,,,,,,,,,,,,,,,,,,,,,,,,,,,,,,,,,,,,,,,,,,,,,,,,,,,,,,,,,
43,1,Russia,Federal_Assembly_(Russia),National_anthem_of_Russia,Moscow,Russian ruble,capital,,Russian Federation,17534-6,60,90,25391,1041779433,State,History_of_Russia,,60.0 90.0,,right,,,Russian,,7/4/2020,,Federalism,,See Languages of Russia,Vyacheslav_Mikhailovich_Lebedev,Supreme_Court_of_Russia,8.4,,,Articles related to Russia,350,+2 to +12,,,,,,17098246,,Telephone_numbers_in_Russia,,Russian Federation,RUB,,right,,1.71E+12,11654,2021,"$4,328 trillion",29485,2021,37.5,increase,2018,0.824,increase,52,2019,national languages,,,,,13,,,181,21.5,,2021,Flag_of_Russia_(Kremlin.ru).svg?width=300,Russia__HistoricalEvent__9,Russian_language,Russia__PersonFunction__5,.рф,168830626,0.824,target,1.71E+07,,8.4,146171015,Russia?oldid=1041779433&ns=0,262064,7,13,37.5,Russia,POINT(90 60),index_en.html,,,,,,,,,,,,,,,,,,,,,,,,,,,,,,,,,,,,,,,,,,,,,,,,,,,,,,,,,,,,,,,,,,,,,,,,,,,,,,,,,215,,,,,,,,2010,,,,,,,,9,9,,,Rossiyskaya Federatsiya,,,59,11,,Chuvash_people,Rossiyskaya Federatsiya,,,,Federation_Council_(Russia),,,,,,,,,,,50,,Official language,State_Duma,2017,Federation_Council_(Russia),,,,Russia on the globe with unrecognized territories in light green.,,6,,,,,,,,98,,,,,,,,,,,,,,,,220,,,,,,,,,,,,,,,,,,,,,,,,,,,,,,,,,,,,,,,,,,,,,,,,,,,,,,,,,,,,,,,,,,,,,,,,,,,,,,,,,,,,,,,,,,,,,,,,,,,,,,,,,,,2,,,,,,,,,,,,,,,,,,,,,,,,,,,,,,,,,,,,,,,,,,,,,,,,,,,,,,,,,,,,,,,,,,,,,,,,,,,,,,,,,,Russia,1.71E+07,,,
44,190,San Marino,Grand_and_General_Council,Inno_Nazionale_della_Repubblica,City_of_San_Marino,Euro,Dogana,Italian_language,Republic of San Marino,i83941,43.9333,12.4333,27248,1040610554,Microstate,Independence,Central_European_Summer_Time,43.93333333333333 12.433333333333334,Central_European_Time,,,,Sammarinese,,2,,Unitary_state,,Romagnol_dialects,Gian_Carlo_Venturini,Captains_Regent,520,,,,,1,2,,,,Flag of San Marino,61.2,,378,.sm,Republic of San Marino,EUR,,right,from Roman Empire,1.55E+09,44947,2017,2.09E+09,60651,2017,,,,0.875,,26,2013,Other languages,"""National Anthem of the Republic""File:Inno Nazionale della Repubblica.ogg","""Freedom""",Italian_language,Saint_Agatha,0,,,23,,33600,2021,Flag_of_San_Marino.svg?width=300,San_Marino__HistoricalEvent__3,Emilian-Romagnol_language,San_Marino__PersonFunction__1,.sm,314808075,0.875,target,61.2,"""Freedom""",520,33600,San_Marino?oldid=1040610554&ns=0,73915,+378(+39 0549 calling via Italy),0,,San_Marino,POINT(12.433333396912 43.933334350586),,Coat of arms,15.5,9,12.2,65,,,27.5,17.5,22,60,,,,7.5,1.5,4.5,63,,,8,1,4.5,49,,,6.5,0,3.3,48,,,27.5,17.5,22,53,,,25,15,20,56,,,"Borgo Maggiore, San Marino, altitude:",12,4,8,59,,,20.5,11,15.8,65,,,Yes,12,5.5,8.7,87,,,18,10,14,79,,,,Catholic_Church,24,14,19,76,,,Yes,Weatherspark.com,,,,,,,,,,By tradition.,List_of_countries_by_Human_Development_Index,,,,,,221,221,,,,,,13,174,,,,,,,,,,,,,,,,,,11,,,,,,17015-2,,,,,175,,,,,,,,,,,,,,,,,,,,,,,,,,,,,,,,,,,,,,,,,,,,,,,,,,,,,,,,,,,,,Sources:,,,,,,,,,,,,,,,,,,,,,,,,,,,,,,,,,,,,,,,,,,,,,,,,,,,,,,,,,,,,,,,,,,Coat of arms of San Marino,Location of San Marino in Europe,,,,,,,,,,,Dogana,settlement,,,,,,,,,,,,,,,,,,,,,,,,,,,,,,,,,,,,,,,,,,,,,,,,,,,,,,,,,,,,,,,,,,,,,,,,,,,,,
45,111,Serbia,National_Assembly_(Serbia),,Belgrade,Serbian_dinar,capital,Serbian_language,Largest cities of Serbia,i83177,44.8,21,29265,1041607685,State,History_of_Serbia,Central_European_Summer_Time,44.0 21.0,Central_European_Time,right,,,Serbian,horizontal,2006,"Right: Karađorđe Petrović, leader of the First Serbian Uprising",Unitary_state,,,Ana_Brnabić,President_of_Serbia,89,,,Ethnic composition,400,1,UTC+2,,Serbia,,,88361,,Telephone_numbers_in_Serbia,,Republic of Serbia,RSD,,Right-_and_left-hand_traffic,Independence restored,5.20E+10,7497,2020,1.31E+11,18840,2020,33.3,decrease,2019,0.806,increase,64,2019,,center,,Serbian,,,,,95,211,6926705,2020,Flag_of_Serbia.svg?width=300,Serbia__HistoricalEvent__9,,Serbia__PersonFunction__3,.срб,140423359,0.806,,88361,,89,6926705,Serbia?oldid=1041607685&ns=0,266695,381,,33.3,Serbia,POINT(21 44.799999237061),,,,,,,,,,,,,,,Q403,,,,,,,,,,,,,,,,,,,,,,,,,,,,,,,,,,,,,,,,,,,,,,,,,,,,,,,,,,,,,,,,,,,500,,,,,,,,2011,Kosovo is the subject of a territorial dispute between Kosovo and Serbia. Kosovo unilaterally declared independence in 2008 while Serbia continues to claim it as part of its own sovereign territory. Kosovo is currently recognized as an independent state by 97 out of the 193 United Nations member states.,,,,,,,105,105,,,,,,75,84,,Romani_people_in_Serbia,,,#ddd,,,,Šabac,nav,,Serbia,left,1233796,,Šumadijski District,District,66,View on the city.JPG,,,2011,,,,,Location of Serbia  and the disputed territory of Kosovo  in Europe .,,78,,,,,,,,,,Including Kosovo,,,,,,,no,,,,,,,,,,,,,,no,,,,,,,,,,,,,,,,,,,,,,,,,,,,,,,,,,,,,,Србија,,,,Category:Serbia,,,Portal:Serbia,,,,,,,,,,,,,,,,,,,,,,,,,,,,,,,,,,,,,,,,,,,,,,,335,,,,,,,,2,,,,,,,,,,,,,,,,,,,,,,,,,,,,,,,,,,,,,,,,,,,,,,,,,,,,,,,,,,,,,,,,,,,,,,,,,,,,,,,,,,,,,,
46,127,Slovakia,National_Council_(Slovakia),,Bratislava,Euro,capital,Slovak_language,Slovak Republic,18225-0,48.6667,19.5,26830,1041403415,Country,Independence history,Central_European_Summer_Time,48.666666666666664 19.5,Central_European_Time,right,,,Slovak,vertical,1/1/1993,,Unitary_state,,,Zuzana_Čaputová,List_of_speakers_of_Slovak_parliaments,111,,,,,1,2,,,,,49035,18932,Telephone_numbers_in_Slovakia,.sk and .eu,Slovak Republic,EUR,yyyy,right,Slovak Republic in Czech and Slovak Federative Republic,1.18E+11,21529,2021,1.90E+11,34815,2021,22.8,increase,2019,0.86,increase,39,2019,,"""",,Slovak_language,Our_Lady_of_the_Seven_Sorrows,0.72,5397036,2011,88,287,5464060,2020,Flag_of_Slovakia.svg?width=300,Slovakia__HistoricalEvent__4,,Slovakia__PersonFunction__3,.sk,138347464,0.86,target,49035,,110.8113195,5464060,Slovakia?oldid=1041403415&ns=0,146304,421,0.72,22.8,Slovakia,POINT(19.5 48.666667938232),en,,,,,,,,,,,,,,,,,,,,,,,,,,,,,,,,,,,,,,,,,,,,,,,,,,,,,,,,,,,,,,,,,,,,,,,,,,,,,,,,,195,,,,,,,,2011,,,,,,,,119,119,,,,,,40,59,,Slovaks,,,,,,,,,,,,,,,,41,,,,2011,,,,,,,70,,,,,,,,,,,,,,,,,,,,,,,,,,,,,,,,,,,,,,,,,,,,,,85,National seal,,,,,,,,,,,,,,,,,,,,,,,,,,,,,,,,,,,,,,,,,,,,,,,,,,,,,,,,,,,,,,,,,,,,,,,,,,,,,,,,,,,,,,,,,,,,,,,,,,,,,,,,,,,,,,,,,,,,,,,,,,,,,,,,,,,,,,,,,,,,,,,,,,,,,,,,,,,,,,,,,,,,,,,,,,
47,151,Slovenia,Slovenian_Parliament,National_anthem_of_Slovenia,Ljubljana,Euro,capital,Slovene_language,Republic of Slovenia,18226-5,46.1167,14.8167,27338,1041799974,State,,Central_European_Summer_Time,46.11666666666667 14.816666666666666,Central_European_Time,,#C3B091,,Slovenian,,5/1/2004,,Unitary_state,Other religion,,Janez_Janša,Prime_Minister_of_Slovenia,103,,right,Ethnic composition of Slovenia,,1,2,72.1,,,,20271,7826.68,Telephone_numbers_in_Slovenia,.si,Republic of Slovenia,EUR,dd. mm. yyyy,right,Joined the,5.60E+10,27452,2020,8.30E+10,40343,2020,23.5,decrease,2020,0.917,increase,22,2019,,Zdravljica,,Slovene,,0.7,1964036,2002,106,262,2108977,2021,Flag_of_Slovenia.svg?width=300,Slovenia__HistoricalEvent__9,Languages_of_Slovenia,Slovenia__PersonFunction__2,.si,141826349,0.917,target,20271.00037,,101.1587655,2108977,Slovenia?oldid=1041799974&ns=0,230384,386,0.7,23.5,Slovenia,POINT(14.816666603088 46.116664886475),,,,,,,,,,,,,,,,,,,,,,,,,,,,,,,,,,,,,,,,,,,,,,,,,,,,,,,,,,,,,,,,,,,,,,,,,,,,,,,,,,300,,,,,,,,2002,,,,,,,,147,147,,,,,,34,80,,Croats_of_Slovenia,,,#ddd,,National_Council_(Slovenia),,,,,,right,,,,,35,,,National_Assembly_(Slovenia),2018,National_Assembly_(Slovenia),,,,,,93,,,,,,,,,,,,,,,,,,,,,,,,,,,,,,,,,,,,,,,,,,,,,,,,,,Languages_of_Slovenia,,,,,,,,,,,,,,,,,,,,,,,,,,,,,,,,,,,,,,,,,,,,,,,,,,Kingdom_of_Italy,,,,,,,,,,,,,,,,,,,,,,,,,,,,,SI,SI,,,,,,,,,,,,,,,,,,,,,,,,,,,,,,,,,,,,,,,,,,,,,,,,,,,,,,,,,,,,,,,,,,,,,,,,,,,,,,350,0.899,0.465,,,,,,,
48,51,Spain,Cortes_Generales,,Madrid,Euro,capital,,,17161-5,40.4333,-3.7,26667,1041348573,State,History_of_Spain,WEST and CEST,40.0 -4.0,Western_European_Time,right,,,SpanishSpaniard,horizontal,3,"Saints Ignatius of Loyola, Teresa of Ávila, and Francis Xavier were prominent figures of the Counter-Reformation.",Parliamentary_system,,Spanish,Felipe_VI,President_of_the_Spanish_Senate,94,,,Articles related to Spain,300,⁠±0 to +1,+1 to +2,,Spain,,,505990,195364,Telephone_numbers_in_Spain,.es,Kingdom of Spain,EUR,yyyy,right,De jure,1.45E+12,31178,2021,1.94E+12,41736,2021,33,decrease,2019,0.904,increase,25,2019,,,,,,0.89,0,2020,120,243,,,Flag_of_Spain.svg?width=300,Spain__HistoricalEvent__6,Spanish_language,Spain__PersonFunction__5,.es,133609710,0.904,target,505990.4372,,93.82282453,,Spain?oldid=1041348573&ns=0,260815,34,0.89,33,Spain,POINT(-3.7000000476837 40.433334350586),,,,,,,,,,,,,,,,,,,,,,,,,,,,,,,,,,,,,,,,,,,,,,,,,,,,,,,,,,,,,,,,,,,,,,,,,,,,,,,,,,166,,,,,,,,,,,,,,,,,,,,,,,26,13,,,,,,,Senate_of_Spain,,,,,,,,,,,32,,Official language,Congress_of_Deputies,2021,Congress_of_Deputies,,,,,,15,,,,,,,,103,,,,,,,,,no,,,left,,,,,,,,,,,,,,,,,,,,,,,,,,,,,,,,,,,,,,,,,,,,,,,,,,,,,,,,,,,,,,,,,,,,,,,,,,,,,,,,,,,,,,,,,,,,,,,,,,,,,,,,,,,,,ES,ES,,,,,,,,,,,,,,,,,,,,,,,,,,,,,,,,,,,,,,,,,,,,,,,,,,,,,,,,,,,,,,,,,,,,,,,,,,,,,,,,,,,,,30,,
49,55,Sweden,Riksdag,,Stockholm,Swedish_krona,capital,Swedish_language,Kingdom of Sweden,16989-5,63,18.0667,5058739,1041432900,Country,History_of_Sweden,Central_European_Summer_Time,63.0 16.0,Central_European_Time,,DeepSkyBlue,,Swede,,By the early 12th century,,Constitutional_monarchy,Other Protestants,,Stefan_Löfven,Speaker_of_the_Riksdag,25,,right,Articles related to Sweden,,1,2,57.7,,,,450295,175896,Telephone_numbers_in_Sweden,.se,Kingdom of Sweden,SEK,YYYY-MM-DD,right,Part of Swedish-Norwegian Union,5.29E+11,50339,2020,5.64E+11,52477,2020,26.9,decrease,2020,0.945,increase,7,2019,,center,"""",Swedish,,8.37,,,198,65,10402070,21-Feb,Flag_of_Sweden.svg?width=300,Sweden__HistoricalEvent__4,Yiddish,Sweden__PersonFunction__3,.se,240808336,0.945,target,455568.5487,"""",25.09664031,10402070,Sweden?oldid=1041432900&ns=0,279897,46,8.37,26.9,Sweden,POINT(18.066667556763 63),,Coat_of_arms_of_Sweden,,,,,,,,,,,,,,,,,,,,,,,,,,,,,,,,,,,,,,,,,,,,,,,,,,,,,,,,,,,,,,,,,,,,,,,Church_of_Sweden,,,,,,,,,,,,,,,,,2019,""" has been adopted by Carl XVI Gustaf as his personal motto.","'' has never been officially adopted as national anthem, but is so by convention.",6,"Persons who have foreign backgrounds are defined as persons who are foreign born, or born in Sweden with foreign born parents. As the Swedish government does not base any statistics on ethnicity, there are no exact numbers on the ethnic background of migrants and their descendants in Sweden. This is not, however, to be confused with migrants' national backgrounds, which are recorded.",6,"The .eu domain is also used, as it is shared with other European Union member states.",,88,88,,,,,,12,23,,Swedes,,,,,,,,,,,,,,,,16,,National minority languages,,2017,,,,,,,39,,,,,,,,,,,,,,,,,,,,,,,,,,,,,,,,,,,,,,,,,,,,,,,,,,,,,,,,,,,,,,,,,,,,,,,,,,,,,,,,,,,,,,,,,,,,,,,,,,,,,,,,,,,,,,,,,,,,,,,,,,,,,,,,,SE,SE,,,,,,,,,,,,,,,,,'',,,,,,,,,,,,,,,,,,,,,,,,,,,,,,,,,,,,,,,,,,,,,,,,,,,,,,,,,,,,,,,,,,,,,,
50,132,Switzerland,Federal_Assembly_(Switzerland),Swiss_Psalm,None,Swiss_franc,Zürich,Italian_language,Switzerland,16972-1,46.95,7.45,26748,1040804675,Country,History_of_Switzerland,Central_European_Summer_Time,46.95 7.45,Central_European_Time,left,brown,,svizzera,vertical,1848-09-12,,Federalism,Rest of the world,,Ignazio Cassis,,8555541,,,Articles related to Switzerland,,1,2,39,,,,41285,15940,41,.swiss,Swiss Confederation,CHF,dd.mm.yyyy,right,Restoration_(Switzerland),7.49E+11,86673,2020,5.84E+11,67557,2020,29.7,decrease,2018,0.955,increase,2,2019,,"""Swiss Psalm""center",,,Nicholas_of_Flüe,4.34,8327126,2015,48,,8570146,2019,Flag_of_Switzerland_(Pantone).svg?width=300,Switzerland__HistoricalEvent__4,Romansh_language,Switzerland__PersonFunction__2,.swiss,154323889,0.955,target,41285,,8555541,8570146,Switzerland?oldid=1040804675&ns=0,223648,41,4.34,29.7,Switzerland,POINT(7.4499998092651 46.950000762939),,,,,,,,,,,,,,,,,,,,,,,,,,,,,,,,,,,,,,,,,,,,,,,,,,,,,,,,,,,,,,,,,,,,,,,,,,,,,,,,,,300,,,,,,,,2019,,,,,,,,99,99,,,,,,2,20,,Swiss_people,,,,,Council_of_States_(Switzerland),,,,,,,,,,,9,,,National_Council_(Switzerland),2018,Council_of_States_(Switzerland),,,,,,38,,,,,,,,19,,,,,,,,,,,,,,,,,,,,,,,,,,,,,,,,,,,,,,,,,,,,,,,,,,,Romansh_language,,,,,,,,,,,,,,,,,,,,,,,,,,,,,,,,,,,,,,,,,,,,,,,,,,,,,,,,,,,,,,,,,,,,,,CH,CH,,,,,,,,,,,,,,,,,,,,,,,,,,,,,,,,,,,,,,,,,,,,,,,,,,,,,,,,,,,,,,,,,,,,,,,,,,,,,,,,,,,,,,,
51,94,Tajikistan,Supreme_Assembly_(Tajikistan),Surudi_Milli,Dushanbe,Tajikistani_somoni,capital,Tajik_language,Republic of Tajikistan,17500-2,39,71,30108,1041718385,Country,History_of_Tajikistan,,39.0 71.0,UTC+05:00,,,,Tajik,,11/6/1994,,Unitary_state,,Sanglechi–Ishkashimi_language,Emomali_Rahmon,Chairman of the Majlisi Milli,48.6,,,"Religion in Tajikistan, 2010",,5,,,,,,143100,55251,992,.tj,Republic of Tajikistan,TJS,,right,Independence from the USSR,7.35E+09,807,2018,3.05E+10,3354,2018,34,,2015,0.668,increase,125,2019,Other languages,center,,Tajik_language,,1.8,,,155,125.8,9537645,2020,Flag_of_Tajikistan.svg?width=300,Tajikistan__HistoricalEvent__8,Uzbek_language,Tajikistan__PersonFunction__3,.tj,123087939,0.668,target,143100,,48.57165154,9537645,Tajikistan?oldid=1041718385&ns=0,136505,992,1.8,34,Tajikistan,POINT(71 39),,Emblem,,,,,,,,,,,,,,,,,,,,,,,,,,,,,,,,,,,,,,,,,,,,,,,,,,,,,,,,,,,,,,,,,,,,,,,Sunni_Islam,,,,,,,,,,,,,,,,,2010,Russian has the status of an official language through its use as the official interethnic language as cited in the Constitution of Tajikistan.,,,,,,,96,96,,,,,,164,147,,Turkmens,,,#ddd,,Supreme_Assembly_(Tajikistan),,,,,,right,,,,,155,,Official language of inter-ethnic communication,Assembly_of_Representatives_(Tajikistan),,Supreme_Assembly_(Tajikistan),,,,,,132,,,,,,Religion,Percent,,,,,,,,,,,,,,,,,,,,,,,,,,,,,,,,,,,,,,,,,,,,,,,,,,,,,,,,,,,,,,,,,,,,,,,,,,,,,,,,,,,,,,,,,,,,,,,,,,,,,,,,,,,,,,,,,,,,,,,,,,,,,,,,,,,,,,,,,,,,,,,,,,,,,,,,,,,,,,,,,,,,,,,,,,,,,,,,,,,,,,,,,,,,,,,,,,,,,,,,,,,,,,,,,tj,
52,36,Turkey,Grand_National_Assembly_of_Turkey,,Ankara,Turkish_lira,Istanbul,Turkish_language,Republic of Turkey,i84158,39,35,11125639,1041786612,Republic,History_of_Turkey,,39.0 35.0,Time_in_Turkey,right,,20-Mar,TurkTurkish,vertical,11/9/1982,The Selimiye Mosque in Edirne  and the Sultan Ahmed Mosque in Istanbul  are among the renowned examples of Ottoman architecture.,Unitary_state,,,Mustafa_Şentop,Speaker_of_the_Grand_National_Assembly,109,"It does not properly summarize the body. There is a lot of history but no biodiversity, culture or climate",,Articles related to Turkey,,3,,,,,,783356,302535,Telephone_numbers_in_Turkey,.tr,Republic of Turkey,TRY,dd.mm.yyyy,right,,7.95E+11,9327,2021,2.75E+12,32278,2021,39.7,decrease,2018,0.82,increase,54,2019,,,,Turkish_language,,2.03,,,107,262,83614362,12/31/2020,Flag_of_Turkey.svg?width=300,Turkey__HistoricalEvent__5,,Turkey__PersonFunction__3,.tr,154313685,0.82,target,783562.053,,101.1587655,83614362,Turkey?oldid=1041786612&ns=0,265464,90,2.03,39.7,Turkey,POINT(35 39),,File:Emblem_of_Turkey.svg,,,,,,,,,,,,,,,,,,,,,,,,,,,,,,,,,,,,,,,,,,,,,,,,,,,,,,,,,,,,,,,,,,,,,,,,,,,,,,,,250,,,,,,,,2016,,,,,,,,19,19,,,,,,67,20,,Turkish_people,,,,,,,,,,,,,,,,45,,Spoken languages,,,,17638-1,,,,,11,,,,,,,,56,,,,,,,,,,,,,,,,,,,,,,,,,,,,,,,,,,,,,,,,,,,,,,,,,,,,,,,230,,,,,,,,,,,,,,,,,,,,,,,,,,,,,,,,,,,,,,,,,,,,,,,,,,,,,,,,,,,,,,,,,,,,,,,,,,,,,,,,,,,,,,,,,,,,,,,,,,,,,,,,,,,,,,,,,,,,,,,,,,,,,,,,,,,,,,,,,,,,,,,,,,,,,,,,,,160
53,45,Ukraine,Verkhovna_Rada,,Kyiv,Ukrainian_hryvnia,capital,Ukrainian_language,Ukraine,17485-0,49,32,31750,1041243433,Country,History_of_Ukraine,Eastern_European_Summer_Time,49.0 32.0,Eastern_European_Time,right,,,Ukrainian,vertical,-21,,Unitary_state,,,Dmytro_Razumkov,Chairman_of_the_Verkhovna_Rada,73.8,,,(Composition of Ukraine by ethnicity),300,2,3,,,,,603628,"223,013",Telephone_numbers_in_Ukraine,,Ukraine,UAH,,Right-_and_left-hand_traffic,Constitution_of_Ukraine,1.62E+11,3881,2020,4.30E+11,10310,2020,26.6,increase,2019,0.779,increase,74,2019,,center,,Ukrainian_language,,7,48457102,2001,115,191,,21-Jul,Flag_of_Ukraine.svg?width=300,Ukraine__HistoricalEvent__8,Yiddish,Ukraine__PersonFunction__3,.укр,134334037,0.779,target,603628,,73.8,41383182,Ukraine?oldid=1041243433&ns=0,291876,380,7,26.6,Ukraine,POINT(32 49),,,,,,,,,,,,,,,,,,,,,,,,,,,,,,,,,,,,,,,,,,,,,,,,,,,,,,,,,,,,,,,,,,,,,,,,,,,,,,,,,,1517,,,,,,,,2001,,,,,,,,35,35,,,,,,119,56,,Ukrainians,,,#ddd,,,speckled ground squirrel,,,,,left,,,,,108,,,,2018,,,,,,,48,,,,,,,,,,,,,,,,,,,,,,,,,,,,,,,,,,,,,,,,,,,,,,,,,,,,,,,,,,,,,,,,,,,,,,,,,,,,,,,,,,,,,,,,,,,,,,,,,,,,,,,,,,,,,,,,,,,,,,,,,,,2006,,,,,,,,,,,,,,,,,,center,,,,,,,,,,,,,,,,,,,,,,,,,,,,,,,,,,,,,,,,,,,,,,,,,,,,,,,,,,,,,,,,,,,,,,,,,,,,
54,78,United Kingdom,Parliament_of_the_United_Kingdom,God_Save_the_Queen,London,Pound_sterling,capital,,the United Kingdom,UK,51.5,-0.116667,31717,1041577389,State,History_of_the_formation_of_the_United_Kingdom,Western_European_Summer_Time,51.5 -0.11666666666666667,Western_European_Time,right,,21-Aug,Brit (colloquial),vertical,12/5/1922,,Constitutional_monarchy,,,Elizabeth_II,Monarchy_of_the_United_Kingdom,270.7,These findings have been challenged and likely don't represent current thinking; see Genetic history of the British Isles#History of research,,,300,,1,,United Kingdom,,"A flag featuring both cross and saltire in red, white and blue",242495,93628,Telephone_numbers_in_the_United_Kingdom,.uk,United Kingdom of Great Britain and Northern Ireland,GBP,,Left-_and_right-hand_traffic,Irish_Free_State_Constitution_Act,3.12E+12,46344,2021,3.17E+12,47089,2021,36.6,increase,2019,0.932,increase,13,2019,"Regional and minority languagesref |Scots, Ulster Scots, Welsh, Cornish, Scottish Gaelic and Irish are classed as regional or minority languages under the Council of Europe's European Charter for Regional or Minority Languages. These include defined obligations to promote those languages. See also Languages of the United Kingdom. Welsh has limited de jure official status in Wales, as well as in the provision of national government services provided for Wales.|group=note","""God Save the Queen""ref |There is no authorised version of the national anthem as the words are a matter of tradition; only the first verse is usually sung. No statute has been enacted designating ""God Save the Queen"" as the official anthem. In the English tradition, such laws are not necessary; proclamation and usage are sufficient to make it the national anthem. ""God Save the Queen"" also serves as the Royal anthem for certain Commonwealth realms. The words Queen, she, her, used at present (in the reign of Elizabeth II), are replaced by King, he, him, his when the monarch is male. |group=note",,,,1.51,63182178,2011,50,701.2,67886004,2020,Flag_of_the_United_Kingdom.svg?width=300,United_Kingdom__HistoricalEvent__5,Cornish_language,United_Kingdom__PersonFunction__2,.uk,127756949,0.932,target,242495.4068,,270.7348336,67886004,United_Kingdom?oldid=1041577389&ns=0,332974,44,1.51,36.6,United_Kingdom,POINT(-0.11666666716337 51.5),,,,,,,,,,,,,,,Q145,,,,,,,,,,,,,,,,,,,,,,,,,,,,,,,,,,,,,,,,,,,,,,,,,,,,,,,,,,Sikhism_in_the_United_Kingdom,,,,,,,,,250,,,,,,,,2011,,,,,,,,21,21,,,,,,21,5,,White_British,,,,,House_of_Lords,,,,,,,,,,,24,,Official language,House_of_Commons_of_the_United_Kingdom,2011,House_of_Lords,17374-2,,,,,10,,,,,,,,33,,,,Constituent countries,,,,,,,,,,,,,,,,,,,,,,,,,,,,,,,,,,x100pxx100px,"Royal coats of arms:ref |The coat of arms on the left is used in England, Northern Ireland, and Wales; the version on the right is used in Scotland.|group=note",,,,,,,,,,,,,,,,230,,,,,,,,,,Category:United Kingdom,,,,,,,,,,,,,,,,,,,,,,,,,,,,,,,,,,,,,,,,,,,,,,,,,,,,,,,,,,,,,,,,,,,,,,,,,,,,,,,,,,,,,,,,,,,,,,,,,,,,,,,Wales,,,,,,,,,,,,,,,,,,,,,,,,,,,,,,,,,,,,,the United Kingdom,,22,,
55,56,Uzbekistan,Oliy_Majlis,State_Anthem_of_Uzbekistan,Tashkent,Uzbek_som,Tashkent,Uzbek_language,Republic of Uzbekistan,17503-3,42,69.2667,31853,1041625995,,History_of_Uzbekistan,,42.0 63.0,Time_in_Uzbekistan,,,,Uzbekistani,,8,,Unitary_state,,Tajik • Koryo-mar • Turkmen • Ukrainian • Azerbaijani • Uyghur • Central Asian Arabic • Bukhori and others,Nurdinjan Ismailov,Chairman of the Legislative Chamber,74.1,,,Related articles,,5,,,,,,448978,172742,Telephone_numbers_in_Uzbekistan,.uz,Republic of Uzbekistan,UZS,,right,Uzbek SSR established after national delimitation,6.05E+10,1831,2020,2.76E+11,9595,2020,36.7,decrease,2013,0.72,increase,106,2019,Other languages,File:Anthem-of-uzbekistan-1992.ogg,,Uzbek_language,,4.9,,,132,182.8,34588900,2020,Flag_of_Uzbekistan.svg?width=300,Uzbekistan__HistoricalEvent__7,Demographics_of_Uzbekistan,Uzbekistan__PersonFunction__4,.uz,130982800,0.72,target,448978,,70.57947458,34588900,Uzbekistan?oldid=1041625995&ns=0,154601,998,4.9,36.7,Uzbekistan,POINT(69.266670227051 42),en,Emblem_of_Uzbekistan,,,,,,,,,,,,,,,,,,,,,,,,,,,,,,,,,,,,,,,,,,,,,,,,,,,,,,,,,,,,,,,,,,,,,,,Zoroastrianism,,,,,,,,,,,,,,,,,2021,-23,,,,,,,41,41,,,,,,144,78,,Turkmens,,,,,Senate_of_Uzbekistan,,,,,,,,,,,113,,Inter-ethnic language,Legislative_Chamber_of_Uzbekistan,,Legislative_Chamber_of_Uzbekistan,,,,,,55,,,,,,,,88,,,,,,,,,,,,,,,,,,,,,,,,,,,,,,,,,,,,,,,,,,Karakalpak,,,,,,,,,,,,,220,,,,,,,,,,,,,,,,,,,,,,,,,,,,,,,,,,,,,,,,,,,,,,,,,,,,,,,,,,,,,,,,,,,,,,,,,,,,,,,,,,,,,,,,,,,,,,,,,,,,,,,,,,,,,,,,,,,,,,,,,,,,,,,,,,,,,,,,,,,,,,,,,,,,,,,,,,
